scenario_id,split,seed,plant,mechanism,sg_tension,period_s,duration_s,nominal_warmup_s,capability_change_time_s,load_event_time_s,timing_relation,load_area,load_sign,initial_soc,known_ood,contract_violation,factor_assignment,source_scenario_id,condition,control_period_s,capability_mechanism,load_magnitude_pu,probe_eligible,contract_status,materiality_positive,method,physical_success,frequency_peak_hz,ace_iae_pu_s,tie_iae_pu_s,sg_mechanical_mileage_pu,bess_energy_throughput_pu_s,terminal_recovery,hard_violation,command_violation,normal1h,controller_calls,attempted_optimization_calls,solver_failure_calls,fallback_calls,restoration_calls,p99_solve_time_s,full_rolling,certificate_issues,certificate_revocations,probe_active_calls,probe_command_l1_pu_s,certified_surplus_l1_pu_s,ordinary_controller_truth_read,evaluation_only_truth_read,candidate_id,voi_worthwhile_calls,ever_probe_worthwhile,candidate_diameter_reduction,minimum_candidate_diameter_reduction,unmetered_responsibility_jump_pu,passive_renewals,probe_aborts_on_change,passive_candidate_reductions
VOI-M1-00,development,206,A_full_nonlinear,power_drop,low,2.0,300.0,60.0,103.97426250148408,89.97426250148408,before,area0,1.0,0.5,known,False,VOI_M1_CROSSED_DEVELOPMENT,A1-D-000,known,2.0,power_drop,0.0744,True,WITHIN_CONTRACT,True,contract_only_recourse_mpc,True,0.31517149275128414,1.088944159846801,0.17438815973633046,0.21915339204841283,2.3200424884316058,True,False,False,False,151,151,0,0,0,0.08443730000362848,True,0,0,0,0.0,0.0,False,False,M1-C13,,,,,,,,
VOI-M1-00,development,206,A_full_nonlinear,power_drop,low,2.0,300.0,60.0,103.97426250148408,89.97426250148408,before,area0,1.0,0.5,known,False,VOI_M1_CROSSED_DEVELOPMENT,A1-D-000,known,2.0,power_drop,0.0744,True,WITHIN_CONTRACT,True,accr_mpc,True,0.31517149275128414,1.0698632539441821,0.16725715485279663,0.21376220994225018,3.006702855807652,True,False,False,False,151,163,0,0,0,0.24860440000338713,True,1,1,3,0.02,0.0,False,False,M1-C13,1.0,True,0.5,0.5,2.168404344971009e-18,0.0,0.0,0.0
VOI-M1-00,development,206,A_full_nonlinear,power_drop,low,2.0,300.0,60.0,103.97426250148408,89.97426250148408,before,area0,1.0,0.5,known,False,VOI_M1_CROSSED_DEVELOPMENT,A1-D-000,known,2.0,power_drop,0.0744,True,WITHIN_CONTRACT,True,perfect_capability_recourse_oracle,True,0.3151991050622147,1.0792946596448256,0.15959340429262472,0.19746940811213806,3.1651990445124025,True,False,False,False,151,151,0,0,0,0.08806634999928065,True,0,0,0,0.0,0.0,False,True,M1-C13,,,,,,,,
VOI-M1-01,development,207,A_full_nonlinear,power_drop,low,2.0,300.0,60.0,112.37097453060484,112.37097453060484,simultaneous,area1,1.0,0.5,known,False,VOI_M1_CROSSED_DEVELOPMENT,A1-D-001,known,2.0,power_drop,0.0744,True,WITHIN_CONTRACT,True,contract_only_recourse_mpc,True,0.31838774889396315,1.0993501466580333,0.21247502775379704,0.22780667231873827,2.158977963101141,True,False,False,False,151,151,0,0,0,0.09006194999892614,True,0,0,0,0.0,0.0,False,False,M1-C13,,,,,,,,
VOI-M1-01,development,207,A_full_nonlinear,power_drop,low,2.0,300.0,60.0,112.37097453060484,112.37097453060484,simultaneous,area1,1.0,0.5,known,False,VOI_M1_CROSSED_DEVELOPMENT,A1-D-001,known,2.0,power_drop,0.0744,True,WITHIN_CONTRACT,True,accr_mpc,True,0.31838774889396315,1.1047586504173574,0.211587908765207,0.23152513494481955,2.1648083056981386,True,False,False,False,151,155,0,0,0,0.10277535000568605,True,1,1,3,0.02,0.0,False,False,M1-C13,1.0,True,0.5,0.5,2.168404344971009e-18,0.0,0.0,0.0
VOI-M1-01,development,207,A_full_nonlinear,power_drop,low,2.0,300.0,60.0,112.37097453060484,112.37097453060484,simultaneous,area1,1.0,0.5,known,False,VOI_M1_CROSSED_DEVELOPMENT,A1-D-001,known,2.0,power_drop,0.0744,True,WITHIN_CONTRACT,True,perfect_capability_recourse_oracle,True,0.31838818581882034,1.0993731556833528,0.21249119679003328,0.2278228752830293,2.1589091296707204,True,False,False,False,151,151,0,0,0,0.09195430000181659,True,0,0,0,0.0,0.0,False,True,M1-C13,,,,,,,,
VOI-M1-02,development,212,A_full_nonlinear,power_drop,high,2.0,300.0,60.0,124.36691341439048,110.36691341439048,before,area0,1.0,0.5,known,False,VOI_M1_CROSSED_DEVELOPMENT,A1-D-006,known,2.0,power_drop,0.0558,True,WITHIN_CONTRACT,True,contract_only_recourse_mpc,True,0.23447776090230432,0.8193465517299467,0.13213874896672584,0.16424560830700044,1.2832818190221544,True,False,False,False,151,151,0,0,0,0.08899989999554236,True,0,0,0,0.0,0.0,False,False,M1-C13,,,,,,,,
VOI-M1-02,development,212,A_full_nonlinear,power_drop,high,2.0,300.0,60.0,124.36691341439048,110.36691341439048,before,area0,1.0,0.5,known,False,VOI_M1_CROSSED_DEVELOPMENT,A1-D-006,known,2.0,power_drop,0.0558,True,WITHIN_CONTRACT,True,accr_mpc,True,0.23447776090230432,0.8099058055902231,0.12808043431325747,0.16221396879625632,1.7331722859944123,True,False,False,False,151,163,0,0,0,0.25611045000187005,True,1,1,3,0.02,0.0,False,False,M1-C13,1.0,True,0.5,0.5,2.168404344971009e-18,0.0,0.0,0.0
VOI-M1-02,development,212,A_full_nonlinear,power_drop,high,2.0,300.0,60.0,124.36691341439048,110.36691341439048,before,area0,1.0,0.5,known,False,VOI_M1_CROSSED_DEVELOPMENT,A1-D-006,known,2.0,power_drop,0.0558,True,WITHIN_CONTRACT,True,perfect_capability_recourse_oracle,True,0.2366735137544186,0.8177452573362048,0.12707497408163762,0.15571703859518554,1.8312787396787427,True,False,False,False,151,151,0,0,0,0.09157494999817573,True,0,0,0,0.0,0.0,False,True,M1-C13,,,,,,,,
VOI-M1-03,development,213,A_full_nonlinear,power_drop,high,2.0,300.0,60.0,123.65829276631412,123.65829276631412,simultaneous,area1,1.0,0.5,known,False,VOI_M1_CROSSED_DEVELOPMENT,A1-D-007,known,2.0,power_drop,0.0558,True,WITHIN_CONTRACT,True,contract_only_recourse_mpc,True,0.24010026978575866,0.794996407695936,0.1481128899919799,0.16200857131329802,1.2432034845751567,True,False,False,False,151,151,0,0,0,0.09279355000035139,True,0,0,0,0.0,0.0,False,False,M1-C13,,,,,,,,
VOI-M1-03,development,213,A_full_nonlinear,power_drop,high,2.0,300.0,60.0,123.65829276631412,123.65829276631412,simultaneous,area1,1.0,0.5,known,False,VOI_M1_CROSSED_DEVELOPMENT,A1-D-007,known,2.0,power_drop,0.0558,True,WITHIN_CONTRACT,True,accr_mpc,True,0.24010026978575866,0.7929291440346593,0.14599645770150327,0.16662167485758864,1.2436443105797779,True,False,False,False,151,159,0,0,0,0.2737453000045207,True,1,1,3,0.02,0.0,False,False,M1-C13,1.0,True,0.5,0.5,2.168404344971009e-18,0.0,0.0,0.0
VOI-M1-03,development,213,A_full_nonlinear,power_drop,high,2.0,300.0,60.0,123.65829276631412,123.65829276631412,simultaneous,area1,1.0,0.5,known,False,VOI_M1_CROSSED_DEVELOPMENT,A1-D-007,known,2.0,power_drop,0.0558,True,WITHIN_CONTRACT,True,perfect_capability_recourse_oracle,True,0.2401058942213335,0.7950652145847639,0.14813545174203904,0.1620201203778379,1.2431593807006438,True,False,False,False,151,151,0,0,0,0.15904340000270167,True,0,0,0,0.0,0.0,False,True,M1-C13,,,,,,,,
VOI-M1-04,development,218,A_full_nonlinear,ramp_drop,low,2.0,300.0,60.0,104.32450465012673,90.32450465012673,before,area0,1.0,0.5,known,False,VOI_M1_CROSSED_DEVELOPMENT,A1-D-012,known,2.0,ramp_drop,0.0744,True,WITHIN_CONTRACT,True,contract_only_recourse_mpc,True,0.3133694528776074,1.0960224277893407,0.17790131005267878,0.22209739770400294,2.3144901848083492,True,False,False,False,151,151,0,0,0,0.1625895999968634,True,0,0,0,0.0,0.0,False,False,M1-C13,,,,,,,,
VOI-M1-04,development,218,A_full_nonlinear,ramp_drop,low,2.0,300.0,60.0,104.32450465012673,90.32450465012673,before,area0,1.0,0.5,known,False,VOI_M1_CROSSED_DEVELOPMENT,A1-D-012,known,2.0,ramp_drop,0.0744,True,WITHIN_CONTRACT,True,accr_mpc,True,0.3133694528776074,1.078754737614315,0.17052345238236857,0.21573081939696287,2.999626934299026,True,False,False,False,151,163,0,0,0,0.3669509499995911,True,1,1,3,0.02,0.0,False,False,M1-C13,1.0,True,0.5,0.5,2.168404344971009e-18,0.0,0.0,0.0
VOI-M1-04,development,218,A_full_nonlinear,ramp_drop,low,2.0,300.0,60.0,104.32450465012673,90.32450465012673,before,area0,1.0,0.5,known,False,VOI_M1_CROSSED_DEVELOPMENT,A1-D-012,known,2.0,ramp_drop,0.0744,True,WITHIN_CONTRACT,True,perfect_capability_recourse_oracle,True,0.3161496223640925,1.0887242832250614,0.16825819104111708,0.20682068814115365,3.171533462974039,True,False,False,False,151,151,0,0,0,0.20790264999959618,True,0,0,0,0.0,0.0,False,True,M1-C13,,,,,,,,
VOI-M1-05,development,219,A_full_nonlinear,ramp_drop,low,2.0,300.0,60.0,100.2742929540174,100.2742929540174,simultaneous,area1,1.0,0.5,known,False,VOI_M1_CROSSED_DEVELOPMENT,A1-D-013,known,2.0,ramp_drop,0.0744,True,WITHIN_CONTRACT,True,contract_only_recourse_mpc,True,0.3188054354511917,1.0980366525137348,0.20719431787361156,0.22565624411887328,2.3316845195207963,True,False,False,False,151,151,0,0,0,0.21753465000074357,True,0,0,0,0.0,0.0,False,False,M1-C13,,,,,,,,
VOI-M1-05,development,219,A_full_nonlinear,ramp_drop,low,2.0,300.0,60.0,100.2742929540174,100.2742929540174,simultaneous,area1,1.0,0.5,known,False,VOI_M1_CROSSED_DEVELOPMENT,A1-D-013,known,2.0,ramp_drop,0.0744,True,WITHIN_CONTRACT,True,accr_mpc,True,0.3188054354511917,1.103156332341737,0.20702413067325268,0.22980286795040403,2.3414719490583265,True,False,False,False,151,155,0,0,0,0.24190295000153128,True,1,1,3,0.02,0.0,False,False,M1-C13,1.0,True,0.5,0.5,2.168404344971009e-18,0.0,0.0,0.0
VOI-M1-05,development,219,A_full_nonlinear,ramp_drop,low,2.0,300.0,60.0,100.2742929540174,100.2742929540174,simultaneous,area1,1.0,0.5,known,False,VOI_M1_CROSSED_DEVELOPMENT,A1-D-013,known,2.0,ramp_drop,0.0744,True,WITHIN_CONTRACT,True,perfect_capability_recourse_oracle,True,0.3188058144605976,1.0980625796136259,0.20721119237151886,0.22567099987954153,2.331626943992346,True,False,False,False,151,151,0,0,0,0.1561303999988013,True,0,0,0,0.0,0.0,False,True,M1-C13,,,,,,,,
VOI-M1-06,development,224,A_full_nonlinear,ramp_drop,high,2.0,300.0,60.0,126.381136084737,112.381136084737,before,area0,1.0,0.5,known,False,VOI_M1_CROSSED_DEVELOPMENT,A1-D-018,known,2.0,ramp_drop,0.0558,True,WITHIN_CONTRACT,False,contract_only_recourse_mpc,True,0.23447776587208038,0.8192730400942525,0.1321343612935202,0.16422430996404905,1.2666490142944768,True,False,False,False,151,151,0,0,0,0.17767384999751812,True,0,0,0,0.0,0.0,False,False,M1-C13,,,,,,,,
VOI-M1-06,development,224,A_full_nonlinear,ramp_drop,high,2.0,300.0,60.0,126.381136084737,112.381136084737,before,area0,1.0,0.5,known,False,VOI_M1_CROSSED_DEVELOPMENT,A1-D-018,known,2.0,ramp_drop,0.0558,True,WITHIN_CONTRACT,False,accr_mpc,True,0.23447776587208038,0.809822311205728,0.12805982462035861,0.1622060578964858,1.7157109399336063,True,False,False,False,151,163,0,0,0,0.44273175000125775,True,1,1,3,0.02,0.0,False,False,M1-C13,1.0,True,0.5,0.5,2.168404344971009e-18,0.0,0.0,0.0
VOI-M1-06,development,224,A_full_nonlinear,ramp_drop,high,2.0,300.0,60.0,126.381136084737,112.381136084737,before,area0,1.0,0.5,known,False,VOI_M1_CROSSED_DEVELOPMENT,A1-D-018,known,2.0,ramp_drop,0.0558,True,WITHIN_CONTRACT,False,perfect_capability_recourse_oracle,True,0.23667351971325112,0.8176474043649749,0.1270409369695366,0.15570103110565847,1.8136433355720727,True,False,False,False,151,151,0,0,0,0.2761697499990987,True,0,0,0,0.0,0.0,False,True,M1-C13,,,,,,,,
VOI-M1-07,development,225,A_full_nonlinear,ramp_drop,high,2.0,300.0,60.0,124.95199929525988,124.95199929525988,simultaneous,area1,1.0,0.5,known,False,VOI_M1_CROSSED_DEVELOPMENT,A1-D-019,known,2.0,ramp_drop,0.0558,True,WITHIN_CONTRACT,False,contract_only_recourse_mpc,True,0.23634811170694497,0.776033368968159,0.16489252785196648,0.1782553140148967,1.2350923760056265,True,False,False,False,151,151,0,0,0,0.18418765000023996,True,0,0,0,0.0,0.0,False,False,M1-C13,,,,,,,,
VOI-M1-07,development,225,A_full_nonlinear,ramp_drop,high,2.0,300.0,60.0,124.95199929525988,124.95199929525988,simultaneous,area1,1.0,0.5,known,False,VOI_M1_CROSSED_DEVELOPMENT,A1-D-019,known,2.0,ramp_drop,0.0558,True,WITHIN_CONTRACT,False,accr_mpc,True,0.23634811170694497,0.7787821081748402,0.16784386146404673,0.18066588954654242,1.2361144716427583,True,False,False,False,151,159,0,0,0,0.15587474999483675,True,1,1,3,0.02,0.0,False,False,M1-C13,1.0,True,0.5,0.5,2.168404344971009e-18,0.0,0.0,0.0
VOI-M1-07,development,225,A_full_nonlinear,ramp_drop,high,2.0,300.0,60.0,124.95199929525988,124.95199929525988,simultaneous,area1,1.0,0.5,known,False,VOI_M1_CROSSED_DEVELOPMENT,A1-D-019,known,2.0,ramp_drop,0.0558,True,WITHIN_CONTRACT,False,perfect_capability_recourse_oracle,True,0.23634987816017627,0.7760519013281209,0.16489662375037692,0.17827317250352245,1.2350678333503124,True,False,False,False,151,151,0,0,0,0.0878533499999321,True,0,0,0,0.0,0.0,False,True,M1-C13,,,,,,,,
