episode_id,time_s,proposed_action,applied_action,committed_action,applied_equals_committed,supervisor_changed_action
R3-E-2-0,0.0,"[8.848111222155825e-07, -1.406163569968471e-06, 7.391363598430151e-07, -1.2962897288963904e-06]","[8.848111222155825e-07, -1.406163569968471e-06, 7.391363598430151e-07, -1.2962897288963904e-06]","[8.848111222155825e-07, -1.406163569968471e-06, 7.391363598430151e-07, -1.2962897288963904e-06]",True,False
R3-E-2-0,2.0,"[-1.137921285108041e-05, -2.8885688094360373e-06, -9.255617739634709e-06, -3.1583270227621847e-06]","[-1.137921285108041e-05, -2.8885688094360373e-06, -9.255617739634709e-06, -3.1583270227621847e-06]","[-1.137921285108041e-05, -2.8885688094360373e-06, -9.255617739634709e-06, -3.1583270227621847e-06]",True,False
R3-E-2-0,4.0,"[-2.4997640657958096e-05, -4.259118714109126e-06, -2.0409542346670026e-05, -5.964087783381886e-06]","[-2.4997640657958096e-05, -4.259118714109126e-06, -2.0409542346670026e-05, -5.964087783381886e-06]","[-2.4997640657958096e-05, -4.259118714109126e-06, -2.0409542346670026e-05, -5.964087783381886e-06]",True,False
R3-E-2-0,6.0,"[-3.2839041237166854e-05, -6.809653806444713e-06, -2.8642213030662414e-05, -9.910694740760931e-06]","[-3.2839041237166854e-05, -6.809653806444713e-06, -2.8642213030662414e-05, -9.910694740760931e-06]","[-3.2839041237166854e-05, -6.809653806444713e-06, -2.8642213030662414e-05, -9.910694740760931e-06]",True,False
R3-E-2-0,8.0,"[-3.629040765722434e-05, -8.587274716464056e-06, -3.426573021532893e-05, -1.2794276601788323e-05]","[-3.629040765722434e-05, -8.587274716464056e-06, -3.426573021532893e-05, -1.2794276601788323e-05]","[-3.629040765722434e-05, -8.587274716464056e-06, -3.426573021532893e-05, -1.2794276601788323e-05]",True,False
R3-E-2-0,10.0,"[-3.7300598275055404e-05, -1.0819945073476054e-05, -3.815328721323126e-05, -1.5053942690332384e-05]","[-3.7300598275055404e-05, -1.0819945073476054e-05, -3.815328721323126e-05, -1.5053942690332384e-05]","[-3.7300598275055404e-05, -1.0819945073476054e-05, -3.815328721323126e-05, -1.5053942690332384e-05]",True,False
R3-E-2-0,12.0,"[-3.7357130243303964e-05, -1.358588829892624e-05, -4.032327718498209e-05, -1.689027365748091e-05]","[-3.7357130243303964e-05, -1.358588829892624e-05, -4.032327718498209e-05, -1.689027365748091e-05]","[-3.7357130243303964e-05, -1.358588829892624e-05, -4.032327718498209e-05, -1.689027365748091e-05]",True,False
R3-E-2-0,14.0,"[-3.7926804826681065e-05, -1.697700295894346e-05, -4.1090147966090574e-05, -1.8945853336485227e-05]","[-3.7926804826681065e-05, -1.697700295894346e-05, -4.1090147966090574e-05, -1.8945853336485227e-05]","[-3.7926804826681065e-05, -1.697700295894346e-05, -4.1090147966090574e-05, -1.8945853336485227e-05]",True,False
R3-E-2-0,16.0,"[-3.736303754783341e-05, -2.0212586661901285e-05, -3.922299007239327e-05, -2.1286378824530023e-05]","[-3.736303754783341e-05, -2.0212586661901285e-05, -3.922299007239327e-05, -2.1286378824530023e-05]","[-3.736303754783341e-05, -2.0212586661901285e-05, -3.922299007239327e-05, -2.1286378824530023e-05]",True,False
R3-E-2-0,18.0,"[-3.789136761656638e-05, -2.2778914823830314e-05, -3.725180790552606e-05, -2.375293438802845e-05]","[-3.789136761656638e-05, -2.2778914823830314e-05, -3.725180790552606e-05, -2.375293438802845e-05]","[-3.789136761656638e-05, -2.2778914823830314e-05, -3.725180790552606e-05, -2.375293438802845e-05]",True,False
R3-E-2-0,20.0,"[-3.839296155473949e-05, -2.4451908143792063e-05, -3.543608428899598e-05, -2.618044940035979e-05]","[-3.839296155473949e-05, -2.4451908143792063e-05, -3.543608428899598e-05, -2.618044940035979e-05]","[-3.839296155473949e-05, -2.4451908143792063e-05, -3.543608428899598e-05, -2.618044940035979e-05]",True,False
R3-E-2-0,22.0,"[-0.0006139321496184179, 0.0018961401250540142, -0.02021472888394268, -0.0014038334161268796]","[-0.0006139321496184179, 0.0018961401250540142, -0.02021472888394268, -0.0014038334161268796]","[-0.0006139321496184179, 0.0018961401250540142, -0.02021472888394268, -0.0014038334161268796]",True,False
R3-E-2-0,24.0,"[0.033310147841641824, 0.0003598335985085525, -0.011261691053411156, 0.0030037073631736457]","[0.033310147841641824, 0.0003598335985085525, -0.011261691053411156, 0.0030037073631736457]","[0.033310147841641824, 0.0003598335985085525, -0.011261691053411156, 0.0030037073631736457]",True,False
R3-E-2-0,26.0,"[0.03780090782446071, -0.0017057301302786658, -0.0012874622057687652, 0.008112631860867773]","[0.03780090782446071, -0.0017057301302786658, -0.0012874622057687652, 0.008112631860867773]","[0.03780090782446071, -0.0017057301302786658, -0.0012874622057687652, 0.008112631860867773]",True,False
R3-E-2-0,28.0,"[0.027760138719068583, -0.0003171514387267678, 0.008346578758996796, 0.008994813922541593]","[0.027760138719068583, -0.0003171514387267678, 0.008346578758996796, 0.008994813922541593]","[0.027760138719068583, -0.0003171514387267678, 0.008346578758996796, 0.008994813922541593]",True,False
R3-E-2-0,30.0,"[0.018349988648116107, 0.004161409114458432, 0.017640406719749018, 0.005960048210041065]","[0.018349988648116107, 0.004161409114458432, 0.017640406719749018, 0.005960048210041065]","[0.018349988648116107, 0.004161409114458432, 0.017640406719749018, 0.005960048210041065]",True,False
R3-E-2-0,32.0,"[0.014710576048531715, 0.009926810510281209, 0.018417226455647206, 0.0012261784851171635]","[0.014710576048531715, 0.009926810510281209, 0.018417226455647206, 0.0012261784851171635]","[0.014710576048531715, 0.009926810510281209, 0.018417226455647206, 0.0012261784851171635]",True,False
R3-E-2-0,34.0,"[0.020755498009198882, 0.013679706369772034, 0.010285629227199224, -0.0011580743879333513]","[0.020755498009198882, 0.013679706369772034, 0.010285629227199224, -0.0011580743879333513]","[0.020755498009198882, 0.013679706369772034, 0.010285629227199224, -0.0011580743879333513]",True,False
R3-E-2-0,36.0,"[0.031600341925694185, 0.01339228744434449, -0.0023953805484879234, 0.001273653251773275]","[0.031600341925694185, 0.01339228744434449, -0.0023953805484879234, 0.001273653251773275]","[0.031600341925694185, 0.01339228744434449, -0.0023953805484879234, 0.001273653251773275]",True,False
R3-E-2-0,38.0,"[0.0358862113278394, 0.010164817968570035, -0.006990295625948206, 0.007142660099086475]","[0.0358862113278394, 0.010164817968570035, -0.006990295625948206, 0.007142660099086475]","[0.0358862113278394, 0.010164817968570035, -0.006990295625948206, 0.007142660099086475]",True,False
R3-E-2-0,40.0,"[0.02876274716116883, 0.007961591350533415, -7.072718433776245e-05, 0.011569056145202575]","[0.02876274716116883, 0.007961591350533415, -7.072718433776245e-05, 0.011569056145202575]","[0.02876274716116883, 0.007961591350533415, -7.072718433776245e-05, 0.011569056145202575]",True,False
R3-E-2-0,42.0,"[0.011824284233872592, 0.010825930638549629, 0.016738019122747205, 0.00963066154840383]","[0.011824284233872592, 0.010825930638549629, 0.016738019122747205, 0.00963066154840383]","[0.011824284233872592, 0.010825930638549629, 0.016738019122747205, 0.00963066154840383]",True,False
R3-E-2-0,44.0,"[0.003300641539249748, 0.017858179881669347, 0.023331219439387894, 0.002566020616703951]","[0.003300641539249748, 0.017858179881669347, 0.023331219439387894, 0.002566020616703951]","[0.003300641539249748, 0.017858179881669347, 0.023331219439387894, 0.002566020616703951]",True,False
R3-E-2-0,46.0,"[0.008939907389216097, 0.022784579999658286, 0.01353066562556201, -0.0020802699299637168]","[0.008939907389216097, 0.022784579999658286, 0.01353066562556201, -0.0020802699299637168]","[0.008939907389216097, 0.022784579999658286, 0.01353066562556201, -0.0020802699299637168]",True,False
R3-E-2-0,48.0,"[0.02632365291387293, 0.020542548250511876, -0.007331392646508742, 0.0018813907641701672]","[0.02632365291387293, 0.020542548250511876, -0.007331392646508742, 0.0018813907641701672]","[0.02632365291387293, 0.020542548250511876, -0.007331392646508742, 0.0018813907641701672]",True,False
R3-E-2-0,50.0,"[0.03281784576880524, 0.01349724757834511, -0.012535268180579075, 0.011525524793916674]","[0.03281784576880524, 0.01349724757834511, -0.012535268180579075, 0.011525524793916674]","[0.03281784576880524, 0.01349724757834511, -0.012535268180579075, 0.011525524793916674]",True,False
R3-E-2-0,52.0,"[0.016830622574620126, 0.011195546824254199, 0.0040771734608277, 0.01510315119808745]","[0.016830622574620126, 0.011195546824254199, 0.0040771734608277, 0.01510315119808745]","[0.016830622574620126, 0.011195546824254199, 0.0040771734608277, 0.01510315119808745]",True,False
R3-E-2-0,54.0,"[-0.005187633334165112, 0.018279273348805528, 0.02491713485940881, 0.007190536702196841]","[-0.005187633334165112, 0.018279273348805528, 0.02491713485940881, 0.007190536702196841]","[-0.005187633334165112, 0.018279273348805528, 0.02491713485940881, 0.007190536702196841]",True,False
R3-E-2-0,56.0,"[-0.004411331570168049, 0.02773749035994427, 0.021294892504025366, -0.0035690887030460127]","[-0.004411331570168049, 0.02773749035994427, 0.021294892504025366, -0.0035690887030460127]","[-0.004411331570168049, 0.02773749035994427, 0.021294892504025366, -0.0035690887030460127]",True,False
R3-E-2-0,58.0,"[0.02011489816303519, 0.02655623995158352, -0.0076217501721782335, -0.0014053752468772057]","[0.02011489816303519, 0.02655623995158352, -0.0076217501721782335, -0.0014053752468772057]","[0.02011489816303519, 0.02655623995158352, -0.0076217501721782335, -0.0014053752468772057]",True,False
R3-E-2-0,60.0,"[0.03429739051332907, 0.016446394523225355, -0.019175040768683555, 0.011545898819401147]","[0.03429739051332907, 0.016446394523225355, -0.019175040768683555, 0.011545898819401147]","[0.03429739051332907, 0.016446394523225355, -0.019175040768683555, 0.011545898819401147]",True,False
R3-E-2-1,0.0,"[8.848111222155825e-07, -1.406163569968471e-06, 7.391363598430151e-07, -1.2962897288963904e-06]","[8.848111222155825e-07, -1.406163569968471e-06, 7.391363598430151e-07, -1.2962897288963904e-06]","[8.848111222155825e-07, -1.406163569968471e-06, 7.391363598430151e-07, -1.2962897288963904e-06]",True,False
R3-E-2-1,2.0,"[-1.137921285108041e-05, -2.8885688094360373e-06, -9.255617739634709e-06, -3.1583270227621847e-06]","[-1.137921285108041e-05, -2.8885688094360373e-06, -9.255617739634709e-06, -3.1583270227621847e-06]","[-1.137921285108041e-05, -2.8885688094360373e-06, -9.255617739634709e-06, -3.1583270227621847e-06]",True,False
R3-E-2-1,4.0,"[-2.4997640657958096e-05, -4.259118714109126e-06, -2.0409542346670026e-05, -5.964087783381886e-06]","[-2.4997640657958096e-05, -4.259118714109126e-06, -2.0409542346670026e-05, -5.964087783381886e-06]","[-2.4997640657958096e-05, -4.259118714109126e-06, -2.0409542346670026e-05, -5.964087783381886e-06]",True,False
R3-E-2-1,6.0,"[-3.2839041237166854e-05, -6.809653806444713e-06, -2.8642213030662414e-05, -9.910694740760931e-06]","[-3.2839041237166854e-05, -6.809653806444713e-06, -2.8642213030662414e-05, -9.910694740760931e-06]","[-3.2839041237166854e-05, -6.809653806444713e-06, -2.8642213030662414e-05, -9.910694740760931e-06]",True,False
R3-E-2-1,8.0,"[-3.629040765722434e-05, -8.587274716464056e-06, -3.426573021532893e-05, -1.2794276601788323e-05]","[-3.629040765722434e-05, -8.587274716464056e-06, -3.426573021532893e-05, -1.2794276601788323e-05]","[-3.629040765722434e-05, -8.587274716464056e-06, -3.426573021532893e-05, -1.2794276601788323e-05]",True,False
R3-E-2-1,10.0,"[-3.7300598275055404e-05, -1.0819945073476054e-05, -3.815328721323126e-05, -1.5053942690332384e-05]","[-3.7300598275055404e-05, -1.0819945073476054e-05, -3.815328721323126e-05, -1.5053942690332384e-05]","[-3.7300598275055404e-05, -1.0819945073476054e-05, -3.815328721323126e-05, -1.5053942690332384e-05]",True,False
R3-E-2-1,12.0,"[-3.7357130243303964e-05, -1.358588829892624e-05, -4.032327718498209e-05, -1.689027365748091e-05]","[-3.7357130243303964e-05, -1.358588829892624e-05, -4.032327718498209e-05, -1.689027365748091e-05]","[-3.7357130243303964e-05, -1.358588829892624e-05, -4.032327718498209e-05, -1.689027365748091e-05]",True,False
R3-E-2-1,14.0,"[-3.7926804826681065e-05, -1.697700295894346e-05, -4.1090147966090574e-05, -1.8945853336485227e-05]","[-3.7926804826681065e-05, -1.697700295894346e-05, -4.1090147966090574e-05, -1.8945853336485227e-05]","[-3.7926804826681065e-05, -1.697700295894346e-05, -4.1090147966090574e-05, -1.8945853336485227e-05]",True,False
R3-E-2-1,16.0,"[-3.736303754783341e-05, -2.0212586661901285e-05, -3.922299007239327e-05, -2.1286378824530023e-05]","[-3.736303754783341e-05, -2.0212586661901285e-05, -3.922299007239327e-05, -2.1286378824530023e-05]","[-3.736303754783341e-05, -2.0212586661901285e-05, -3.922299007239327e-05, -2.1286378824530023e-05]",True,False
R3-E-2-1,18.0,"[-3.789136761656638e-05, -2.2778914823830314e-05, -3.725180790552606e-05, -2.375293438802845e-05]","[-3.789136761656638e-05, -2.2778914823830314e-05, -3.725180790552606e-05, -2.375293438802845e-05]","[-3.789136761656638e-05, -2.2778914823830314e-05, -3.725180790552606e-05, -2.375293438802845e-05]",True,False
R3-E-2-1,20.0,"[-3.839296155473949e-05, -2.4451908143792063e-05, -3.543608428899598e-05, -2.618044940035979e-05]","[-3.839296155473949e-05, -2.4451908143792063e-05, -3.543608428899598e-05, -2.618044940035979e-05]","[-3.839296155473949e-05, -2.4451908143792063e-05, -3.543608428899598e-05, -2.618044940035979e-05]",True,False
R3-E-2-1,22.0,"[-3.5678999396201076e-05, -2.6133214990915656e-05, -3.2308669884200095e-05, -2.879192000974403e-05]","[-3.5678999396201076e-05, -2.6133214990915656e-05, -3.2308669884200095e-05, -2.879192000974403e-05]","[-3.5678999396201076e-05, -2.6133214990915656e-05, -3.2308669884200095e-05, -2.879192000974403e-05]",True,False
R3-E-2-1,24.0,"[-0.00697499123067309, 0.0010489449785229328, -0.011606065980479328, -0.0004413350411634627]","[-0.00697499123067309, 0.0010489449785229328, -0.011606065980479328, -0.0004413350411634627]","[-0.00697499123067309, 0.0010489449785229328, -0.011606065980479328, -0.0004413350411634627]",True,False
R3-E-2-1,26.0,"[0.017296747981406485, 0.0023563645567890538, 0.010201097237734467, 0.0004747059192707217]","[0.017296747981406485, 0.0023563645567890538, 0.010201097237734467, 0.0004747059192707217]","[0.017296747981406485, 0.0023563645567890538, 0.010201097237734467, 0.0004747059192707217]",True,False
R3-E-2-1,28.0,"[0.020080569528073362, 0.003044428772535411, 0.013526669510241753, 0.0019823154269429217]","[0.020080569528073362, 0.003044428772535411, 0.013526669510241753, 0.0019823154269429217]","[0.020080569528073362, 0.003044428772535411, 0.013526669510241753, 0.0019823154269429217]",True,False
R3-E-2-1,30.0,"[0.021082468317750607, 0.003861032556687146, 0.016468041866571664, 0.0034897495209931526]","[0.021082468317750607, 0.003861032556687146, 0.016468041866571664, 0.0034897495209931526]","[0.021082468317750607, 0.003861032556687146, 0.016468041866571664, 0.0034897495209931526]",True,False
R3-E-2-1,32.0,"[0.01826200759864147, 0.005019286953045459, 0.016855771395728508, 0.004424062839944641]","[0.01826200759864147, 0.005019286953045459, 0.016855771395728508, 0.004424062839944641]","[0.01826200759864147, 0.005019286953045459, 0.016855771395728508, 0.004424062839944641]",True,False
R3-E-2-1,34.0,"[0.01659650244676131, 0.006427377510575794, 0.01797820758447723, 0.00494312324598556]","[0.01659650244676131, 0.006427377510575794, 0.01797820758447723, 0.00494312324598556]","[0.01659650244676131, 0.006427377510575794, 0.01797820758447723, 0.00494312324598556]",True,False
R3-E-2-1,36.0,"[0.015101519011854556, 0.007936818108903822, 0.017842942356433657, 0.00519756919876219]","[0.015101519011854556, 0.007936818108903822, 0.017842942356433657, 0.00519756919876219]","[0.015101519011854556, 0.007936818108903822, 0.017842942356433657, 0.00519756919876219]",True,False
R3-E-2-1,38.0,"[0.014694610368059613, 0.009276669755476348, 0.016693102524527898, 0.0055233774049043656]","[0.014694610368059613, 0.009276669755476348, 0.016693102524527898, 0.0055233774049043656]","[0.014694610368059613, 0.009276669755476348, 0.016693102524527898, 0.0055233774049043656]",True,False
R3-E-2-1,40.0,"[0.015124490398458193, 0.010243060187451039, 0.014846528120291599, 0.006180684646659051]","[0.015124490398458193, 0.010243060187451039, 0.014846528120291599, 0.006180684646659051]","[0.015124490398458193, 0.010243060187451039, 0.014846528120291599, 0.006180684646659051]",True,False
R3-E-2-1,42.0,"[0.015812101521274824, 0.010793135984207268, 0.012973604354884302, 0.007234706951597495]","[0.015812101521274824, 0.010793135984207268, 0.012973604354884302, 0.007234706951597495]","[0.015812101521274824, 0.010793135984207268, 0.012973604354884302, 0.007234706951597495]",True,False
R3-E-2-1,44.0,"[0.016109662515358617, 0.01106136676842285, 0.011742461169483274, 0.008533853703016576]","[0.016109662515358617, 0.01106136676842285, 0.011742461169483274, 0.008533853703016576]","[0.016109662515358617, 0.01106136676842285, 0.011742461169483274, 0.008533853703016576]",True,False
R3-E-2-1,46.0,"[0.015646212868694945, 0.01128757865248476, 0.011488472217349934, 0.009797007149143921]","[0.015646212868694945, 0.01128757865248476, 0.011488472217349934, 0.009797007149143921]","[0.015646212868694945, 0.01128757865248476, 0.011488472217349934, 0.009797007149143921]",True,False
R3-E-2-1,48.0,"[0.013793109057422677, 0.011676239458578572, 0.011545822020158032, 0.010686625478693026]","[0.013793109057422677, 0.011676239458578572, 0.011545822020158032, 0.010686625478693026]","[0.013793109057422677, 0.011676239458578572, 0.011545822020158032, 0.010686625478693026]",True,False
R3-E-2-1,50.0,"[0.011393211963779425, 0.012327430542713574, 0.011697347419589112, 0.011076229995773531]","[0.011393211963779425, 0.012327430542713574, 0.011697347419589112, 0.011076229995773531]","[0.011393211963779425, 0.012327430542713574, 0.011697347419589112, 0.011076229995773531]",True,False
R3-E-2-1,52.0,"[0.009977818667638366, 0.013184541749645997, 0.011923388385423525, 0.01112849291515388]","[0.009977818667638366, 0.013184541749645997, 0.011923388385423525, 0.01112849291515388]","[0.009977818667638366, 0.013184541749645997, 0.011923388385423525, 0.01112849291515388]",True,False
R3-E-2-1,54.0,"[0.009403886748948702, 0.014034863274773808, 0.011418528880759409, 0.011088241603473967]","[0.009403886748948702, 0.014034863274773808, 0.011418528880759409, 0.011088241603473967]","[0.009403886748948702, 0.014034863274773808, 0.011418528880759409, 0.011088241603473967]",True,False
R3-E-2-1,56.0,"[0.009763129476966588, 0.014692223549177154, 0.010283884736403216, 0.01121595871537175]","[0.009763129476966588, 0.014692223549177154, 0.010283884736403216, 0.01121595871537175]","[0.009763129476966588, 0.014692223549177154, 0.010283884736403216, 0.01121595871537175]",True,False
R3-E-2-1,58.0,"[0.010568999570855626, 0.015048048192853427, 0.008903266049185083, 0.011652113138827663]","[0.010568999570855626, 0.015048048192853427, 0.008903266049185083, 0.011652113138827663]","[0.010568999570855626, 0.015048048192853427, 0.008903266049185083, 0.011652113138827663]",True,False
R3-E-2-1,60.0,"[0.011249401289856686, 0.015141829573511942, 0.007845365657419523, 0.012358196622691917]","[0.011249401289856686, 0.015141829573511942, 0.007845365657419523, 0.012358196622691917]","[0.011249401289856686, 0.015141829573511942, 0.007845365657419523, 0.012358196622691917]",True,False
R3-E-2-2,0.0,"[8.848111222155825e-07, -1.406163569968471e-06, 7.391363598430151e-07, -1.2962897288963904e-06]","[8.848111222155825e-07, -1.406163569968471e-06, 7.391363598430151e-07, -1.2962897288963904e-06]","[8.848111222155825e-07, -1.406163569968471e-06, 7.391363598430151e-07, -1.2962897288963904e-06]",True,False
R3-E-2-2,2.0,"[-1.137921285108041e-05, -2.8885688094360373e-06, -9.255617739634709e-06, -3.1583270227621847e-06]","[-1.137921285108041e-05, -2.8885688094360373e-06, -9.255617739634709e-06, -3.1583270227621847e-06]","[-1.137921285108041e-05, -2.8885688094360373e-06, -9.255617739634709e-06, -3.1583270227621847e-06]",True,False
R3-E-2-2,4.0,"[-2.4997640657958096e-05, -4.259118714109126e-06, -2.0409542346670026e-05, -5.964087783381886e-06]","[-2.4997640657958096e-05, -4.259118714109126e-06, -2.0409542346670026e-05, -5.964087783381886e-06]","[-2.4997640657958096e-05, -4.259118714109126e-06, -2.0409542346670026e-05, -5.964087783381886e-06]",True,False
R3-E-2-2,6.0,"[-3.2839041237166854e-05, -6.809653806444713e-06, -2.8642213030662414e-05, -9.910694740760931e-06]","[-3.2839041237166854e-05, -6.809653806444713e-06, -2.8642213030662414e-05, -9.910694740760931e-06]","[-3.2839041237166854e-05, -6.809653806444713e-06, -2.8642213030662414e-05, -9.910694740760931e-06]",True,False
R3-E-2-2,8.0,"[-3.629040765722434e-05, -8.587274716464056e-06, -3.426573021532893e-05, -1.2794276601788323e-05]","[-3.629040765722434e-05, -8.587274716464056e-06, -3.426573021532893e-05, -1.2794276601788323e-05]","[-3.629040765722434e-05, -8.587274716464056e-06, -3.426573021532893e-05, -1.2794276601788323e-05]",True,False
R3-E-2-2,10.0,"[-3.7300598275055404e-05, -1.0819945073476054e-05, -3.815328721323126e-05, -1.5053942690332384e-05]","[-3.7300598275055404e-05, -1.0819945073476054e-05, -3.815328721323126e-05, -1.5053942690332384e-05]","[-3.7300598275055404e-05, -1.0819945073476054e-05, -3.815328721323126e-05, -1.5053942690332384e-05]",True,False
R3-E-2-2,12.0,"[-3.7357130243303964e-05, -1.358588829892624e-05, -4.032327718498209e-05, -1.689027365748091e-05]","[-3.7357130243303964e-05, -1.358588829892624e-05, -4.032327718498209e-05, -1.689027365748091e-05]","[-3.7357130243303964e-05, -1.358588829892624e-05, -4.032327718498209e-05, -1.689027365748091e-05]",True,False
R3-E-2-2,14.0,"[-3.7926804826681065e-05, -1.697700295894346e-05, -4.1090147966090574e-05, -1.8945853336485227e-05]","[-3.7926804826681065e-05, -1.697700295894346e-05, -4.1090147966090574e-05, -1.8945853336485227e-05]","[-3.7926804826681065e-05, -1.697700295894346e-05, -4.1090147966090574e-05, -1.8945853336485227e-05]",True,False
R3-E-2-2,16.0,"[-3.736303754783341e-05, -2.0212586661901285e-05, -3.922299007239327e-05, -2.1286378824530023e-05]","[-3.736303754783341e-05, -2.0212586661901285e-05, -3.922299007239327e-05, -2.1286378824530023e-05]","[-3.736303754783341e-05, -2.0212586661901285e-05, -3.922299007239327e-05, -2.1286378824530023e-05]",True,False
R3-E-2-2,18.0,"[-3.789136761656638e-05, -2.2778914823830314e-05, -3.725180790552606e-05, -2.375293438802845e-05]","[-3.789136761656638e-05, -2.2778914823830314e-05, -3.725180790552606e-05, -2.375293438802845e-05]","[-3.789136761656638e-05, -2.2778914823830314e-05, -3.725180790552606e-05, -2.375293438802845e-05]",True,False
R3-E-2-2,20.0,"[-3.839296155473949e-05, -2.4451908143792063e-05, -3.543608428899598e-05, -2.618044940035979e-05]","[-3.839296155473949e-05, -2.4451908143792063e-05, -3.543608428899598e-05, -2.618044940035979e-05]","[-3.839296155473949e-05, -2.4451908143792063e-05, -3.543608428899598e-05, -2.618044940035979e-05]",True,False
R3-E-2-2,22.0,"[-3.5678999396201076e-05, -2.6133214990915656e-05, -3.2308669884200095e-05, -2.879192000974403e-05]","[-3.5678999396201076e-05, -2.6133214990915656e-05, -3.2308669884200095e-05, -2.879192000974403e-05]","[-3.5678999396201076e-05, -2.6133214990915656e-05, -3.2308669884200095e-05, -2.879192000974403e-05]",True,False
R3-E-2-2,24.0,"[-3.3508576805379e-05, -2.7600247390225615e-05, -3.102591153140862e-05, -3.08985802212668e-05]","[-3.3508576805379e-05, -2.7600247390225615e-05, -3.102591153140862e-05, -3.08985802212668e-05]","[-3.3508576805379e-05, -2.7600247390225615e-05, -3.102591153140862e-05, -3.08985802212668e-05]",True,False
R3-E-2-2,26.0,"[-0.00243033343351308, 0.0019072372128006413, -0.02187494535772193, -0.0014114550808449174]","[-0.00243033343351308, 0.0019072372128006413, -0.02187494535772193, -0.0014114550808449174]","[-0.00243033343351308, 0.0019072372128006413, -0.02187494535772193, -0.0014114550808449174]",True,False
R3-E-2-2,28.0,"[0.031384378103166896, 0.00023429864445875277, -0.011041435644363152, 0.0033067655389957514]","[0.031384378103166896, 0.00023429864445875277, -0.011041435644363152, 0.0033067655389957514]","[0.031384378103166896, 0.00023429864445875277, -0.011041435644363152, 0.0033067655389957514]",True,False
R3-E-2-2,30.0,"[0.0360032075968694, -0.0008895661416074733, 0.004581353275487406, 0.0074610796206688685]","[0.0360032075968694, -0.0008895661416074733, 0.004581353275487406, 0.0074610796206688685]","[0.0360032075968694, -0.0008895661416074733, 0.004581353275487406, 0.0074610796206688685]",True,False
R3-E-2-2,32.0,"[0.025618645376714475, 0.0016011120515704743, 0.013375036486122146, 0.007179732504642498]","[0.025618645376714475, 0.0016011120515704743, 0.013375036486122146, 0.007179732504642498]","[0.025618645376714475, 0.0016011120515704743, 0.013375036486122146, 0.007179732504642498]",True,False
R3-E-2-2,34.0,"[0.018947682132160706, 0.0061896131022397055, 0.018893901064862006, 0.004173405886266185]","[0.018947682132160706, 0.0061896131022397055, 0.018893901064862006, 0.004173405886266185]","[0.018947682132160706, 0.0061896131022397055, 0.018893901064862006, 0.004173405886266185]",True,False
R3-E-2-2,36.0,"[0.01789649442232626, 0.011044981203890213, 0.01795087060305577, 0.0007203275167932971]","[0.01789649442232626, 0.011044981203890213, 0.01795087060305577, 0.0007203275167932971]","[0.01789649442232626, 0.011044981203890213, 0.01795087060305577, 0.0007203275167932971]",True,False
R3-E-2-2,38.0,"[0.02302791266832103, 0.014029137869830115, 0.010544580308868684, -0.0005828601179948538]","[0.02302791266832103, 0.014029137869830115, 0.010544580308868684, -0.0005828601179948538]","[0.02302791266832103, 0.014029137869830115, 0.010544580308868684, -0.0005828601179948538]",True,False
R3-E-2-2,40.0,"[0.03047225645552158, 0.014258359020189553, 0.001670232702048832, 0.0013593144565443]","[0.03047225645552158, 0.014258359020189553, 0.001670232702048832, 0.0013593144565443]","[0.03047225645552158, 0.014258359020189553, 0.001670232702048832, 0.0013593144565443]",True,False
R3-E-2-2,42.0,"[0.03413733049942145, 0.01252439260845374, -0.002532978734322761, 0.005566406063350675]","[0.03413733049942145, 0.01252439260845374, -0.002532978734322761, 0.005566406063350675]","[0.03413733049942145, 0.01252439260845374, -0.002532978734322761, 0.005566406063350675]",True,False
R3-E-2-2,44.0,"[0.03093731947172025, 0.010820175643150479, 4.63260117448167e-05, 0.009584817363655046]","[0.03093731947172025, 0.010820175643150479, 4.63260117448167e-05, 0.009584817363655046]","[0.03093731947172025, 0.010820175643150479, 4.63260117448167e-05, 0.009584817363655046]",True,False
R3-E-2-2,46.0,"[0.020749977210237608, 0.011458515639630544, 0.00990532426198822, 0.010589317837017083]","[0.020749977210237608, 0.011458515639630544, 0.00990532426198822, 0.010589317837017083]","[0.020749977210237608, 0.011458515639630544, 0.00990532426198822, 0.010589317837017083]",True,False
R3-E-2-2,48.0,"[0.010141823828484033, 0.015059031461654456, 0.018971654596854185, 0.00783232906335842]","[0.010141823828484033, 0.015059031461654456, 0.018971654596854185, 0.00783232906335842]","[0.010141823828484033, 0.015059031461654456, 0.018971654596854185, 0.00783232906335842]",True,False
R3-E-2-2,50.0,"[0.005775963959728078, 0.019920193608808447, 0.020453424782382885, 0.0033437824703881945]","[0.005775963959728078, 0.019920193608808447, 0.020453424782382885, 0.0033437824703881945]","[0.005775963959728078, 0.019920193608808447, 0.020453424782382885, 0.0033437824703881945]",True,False
R3-E-2-2,52.0,"[0.010555303691575658, 0.02297696067282658, 0.012589854054182795, 0.0009092114022698607]","[0.010555303691575658, 0.02297696067282658, 0.012589854054182795, 0.0009092114022698607]","[0.010555303691575658, 0.02297696067282658, 0.012589854054182795, 0.0009092114022698607]",True,False
R3-E-2-2,54.0,"[0.021894545024603737, 0.022141508183936547, -0.0005144831720263484, 0.0031589688750549667]","[0.021894545024603737, 0.022141508183936547, -0.0005144831720263484, 0.0031589688750549667]","[0.021894545024603737, 0.022141508183936547, -0.0005144831720263484, 0.0031589688750549667]",True,False
R3-E-2-2,56.0,"[0.027933853013771198, 0.01821009873743715, -0.006468472074193139, 0.009078387590704435]","[0.027933853013771198, 0.01821009873743715, -0.006468472074193139, 0.009078387590704435]","[0.027933853013771198, 0.01821009873743715, -0.006468472074193139, 0.009078387590704435]",True,False
R3-E-2-2,58.0,"[0.022752147446073404, 0.014981560968358867, -0.0009512872013476596, 0.013995295226036982]","[0.022752147446073404, 0.014981560968358867, -0.0009512872013476596, 0.013995295226036982]","[0.022752147446073404, 0.014981560968358867, -0.0009512872013476596, 0.013995295226036982]",True,False
R3-E-2-2,60.0,"[0.0068067849826726635, 0.016782467723150396, 0.015538471832574242, 0.012626207639826121]","[0.0068067849826726635, 0.016782467723150396, 0.015538471832574242, 0.012626207639826121]","[0.0068067849826726635, 0.016782467723150396, 0.015538471832574242, 0.012626207639826121]",True,False
R3-E-2-3,0.0,"[8.848111222155825e-07, -1.406163569968471e-06, 7.391363598430151e-07, -1.2962897288963904e-06]","[8.848111222155825e-07, -1.406163569968471e-06, 7.391363598430151e-07, -1.2962897288963904e-06]","[8.848111222155825e-07, -1.406163569968471e-06, 7.391363598430151e-07, -1.2962897288963904e-06]",True,False
R3-E-2-3,2.0,"[-1.137921285108041e-05, -2.8885688094360373e-06, -9.255617739634709e-06, -3.1583270227621847e-06]","[-1.137921285108041e-05, -2.8885688094360373e-06, -9.255617739634709e-06, -3.1583270227621847e-06]","[-1.137921285108041e-05, -2.8885688094360373e-06, -9.255617739634709e-06, -3.1583270227621847e-06]",True,False
R3-E-2-3,4.0,"[-2.4997640657958096e-05, -4.259118714109126e-06, -2.0409542346670026e-05, -5.964087783381886e-06]","[-2.4997640657958096e-05, -4.259118714109126e-06, -2.0409542346670026e-05, -5.964087783381886e-06]","[-2.4997640657958096e-05, -4.259118714109126e-06, -2.0409542346670026e-05, -5.964087783381886e-06]",True,False
R3-E-2-3,6.0,"[-3.2839041237166854e-05, -6.809653806444713e-06, -2.8642213030662414e-05, -9.910694740760931e-06]","[-3.2839041237166854e-05, -6.809653806444713e-06, -2.8642213030662414e-05, -9.910694740760931e-06]","[-3.2839041237166854e-05, -6.809653806444713e-06, -2.8642213030662414e-05, -9.910694740760931e-06]",True,False
R3-E-2-3,8.0,"[-3.629040765722434e-05, -8.587274716464056e-06, -3.426573021532893e-05, -1.2794276601788323e-05]","[-3.629040765722434e-05, -8.587274716464056e-06, -3.426573021532893e-05, -1.2794276601788323e-05]","[-3.629040765722434e-05, -8.587274716464056e-06, -3.426573021532893e-05, -1.2794276601788323e-05]",True,False
R3-E-2-3,10.0,"[-3.7300598275055404e-05, -1.0819945073476054e-05, -3.815328721323126e-05, -1.5053942690332384e-05]","[-3.7300598275055404e-05, -1.0819945073476054e-05, -3.815328721323126e-05, -1.5053942690332384e-05]","[-3.7300598275055404e-05, -1.0819945073476054e-05, -3.815328721323126e-05, -1.5053942690332384e-05]",True,False
R3-E-2-3,12.0,"[-3.7357130243303964e-05, -1.358588829892624e-05, -4.032327718498209e-05, -1.689027365748091e-05]","[-3.7357130243303964e-05, -1.358588829892624e-05, -4.032327718498209e-05, -1.689027365748091e-05]","[-3.7357130243303964e-05, -1.358588829892624e-05, -4.032327718498209e-05, -1.689027365748091e-05]",True,False
R3-E-2-3,14.0,"[-3.7926804826681065e-05, -1.697700295894346e-05, -4.1090147966090574e-05, -1.8945853336485227e-05]","[-3.7926804826681065e-05, -1.697700295894346e-05, -4.1090147966090574e-05, -1.8945853336485227e-05]","[-3.7926804826681065e-05, -1.697700295894346e-05, -4.1090147966090574e-05, -1.8945853336485227e-05]",True,False
R3-E-2-3,16.0,"[-3.736303754783341e-05, -2.0212586661901285e-05, -3.922299007239327e-05, -2.1286378824530023e-05]","[-3.736303754783341e-05, -2.0212586661901285e-05, -3.922299007239327e-05, -2.1286378824530023e-05]","[-3.736303754783341e-05, -2.0212586661901285e-05, -3.922299007239327e-05, -2.1286378824530023e-05]",True,False
R3-E-2-3,18.0,"[-3.789136761656638e-05, -2.2778914823830314e-05, -3.725180790552606e-05, -2.375293438802845e-05]","[-3.789136761656638e-05, -2.2778914823830314e-05, -3.725180790552606e-05, -2.375293438802845e-05]","[-3.789136761656638e-05, -2.2778914823830314e-05, -3.725180790552606e-05, -2.375293438802845e-05]",True,False
R3-E-2-3,20.0,"[-3.839296155473949e-05, -2.4451908143792063e-05, -3.543608428899598e-05, -2.618044940035979e-05]","[-3.839296155473949e-05, -2.4451908143792063e-05, -3.543608428899598e-05, -2.618044940035979e-05]","[-3.839296155473949e-05, -2.4451908143792063e-05, -3.543608428899598e-05, -2.618044940035979e-05]",True,False
R3-E-2-3,22.0,"[-0.007985948829525752, 0.0017318925340867833, -0.023237484648713818, -0.0011842571148678316]","[-0.007985948829525752, 0.0017318925340867833, -0.023237484648713818, -0.0011842571148678316]","[-0.007985948829525752, 0.0017318925340867833, -0.023237484648713818, -0.0011842571148678316]",True,False
R3-E-2-3,24.0,"[0.02242201983913948, 0.0012071707141452818, -0.009156286084186076, 0.0023087044103665215]","[0.02242201983913948, 0.0012071707141452818, -0.009156286084186076, 0.0023087044103665215]","[0.02242201983913948, 0.0012071707141452818, -0.009156286084186076, 0.0023087044103665215]",True,False
R3-E-2-3,26.0,"[0.03714122848364582, 0.0020734191953978983, 0.0150967607092547, 0.004634023493478313]","[0.03714122848364582, 0.0020734191953978983, 0.0150967607092547, 0.004634023493478313]","[0.03714122848364582, 0.0020734191953978983, 0.0150967607092547, 0.004634023493478313]",True,False
R3-E-2-3,28.0,"[0.02700571401997801, 0.005390621653451603, 0.018391794820249104, 0.0037759170793275555]","[0.02700571401997801, 0.005390621653451603, 0.018391794820249104, 0.0037759170793275555]","[0.02700571401997801, 0.005390621653451603, 0.018391794820249104, 0.0037759170793275555]",True,False
R3-E-2-3,30.0,"[0.02406077930139633, 0.008802685358680557, 0.019117280384372656, 0.0025810534792013633]","[0.02406077930139633, 0.008802685358680557, 0.019117280384372656, 0.0025810534792013633]","[0.02406077930139633, 0.008802685358680557, 0.019117280384372656, 0.0025810534792013633]",True,False
R3-E-2-3,32.0,"[0.023992571203572604, 0.011626368437259305, 0.017908174911962976, 0.001951606815572854]","[0.023992571203572604, 0.011626368437259305, 0.017908174911962976, 0.001951606815572854]","[0.023992571203572604, 0.011626368437259305, 0.017908174911962976, 0.001951606815572854]",True,False
R3-E-2-3,34.0,"[0.025257455879631407, 0.01344375001006309, 0.01473930137421089, 0.002380568353349253]","[0.025257455879631407, 0.01344375001006309, 0.01473930137421089, 0.002380568353349253]","[0.025257455879631407, 0.01344375001006309, 0.01473930137421089, 0.002380568353349253]",True,False
R3-E-2-3,36.0,"[0.026806790494176315, 0.014240017969012348, 0.01177112328242548, 0.0039014038804146803]","[0.026806790494176315, 0.014240017969012348, 0.01177112328242548, 0.0039014038804146803]","[0.026806790494176315, 0.014240017969012348, 0.01177112328242548, 0.0039014038804146803]",True,False
R3-E-2-3,38.0,"[0.026914641484833555, 0.014437149411082956, 0.01036761057149555, 0.006001566729952921]","[0.026914641484833555, 0.014437149411082956, 0.01036761057149555, 0.006001566729952921]","[0.026914641484833555, 0.014437149411082956, 0.01036761057149555, 0.006001566729952921]",True,False
R3-E-2-3,40.0,"[0.024929791926929092, 0.014649788182985667, 0.0111228956745693, 0.007930932707866373]","[0.024929791926929092, 0.014649788182985667, 0.0111228956745693, 0.007930932707866373]","[0.024929791926929092, 0.014649788182985667, 0.0111228956745693, 0.007930932707866373]",True,False
R3-E-2-3,42.0,"[0.021340385564791484, 0.015380422948951212, 0.013476986267624924, 0.009079648100469646]","[0.021340385564791484, 0.015380422948951212, 0.013476986267624924, 0.009079648100469646]","[0.021340385564791484, 0.015380422948951212, 0.013476986267624924, 0.009079648100469646]",True,False
R3-E-2-3,44.0,"[0.01752620889708187, 0.016781506696066536, 0.01610103596879607, 0.009275808510799715]","[0.01752620889708187, 0.016781506696066536, 0.01610103596879607, 0.009275808510799715]","[0.01752620889708187, 0.016781506696066536, 0.01610103596879607, 0.009275808510799715]",True,False
R3-E-2-3,46.0,"[0.01414786651454853, 0.018559588410766128, 0.01702570447091761, 0.008786699453679719]","[0.01414786651454853, 0.018559588410766128, 0.01702570447091761, 0.008786699453679719]","[0.01414786651454853, 0.018559588410766128, 0.01702570447091761, 0.008786699453679719]",True,False
R3-E-2-3,48.0,"[0.012544484420978705, 0.020210270136969865, 0.015721762685395463, 0.008232969436855865]","[0.012544484420978705, 0.020210270136969865, 0.015721762685395463, 0.008232969436855865]","[0.012544484420978705, 0.020210270136969865, 0.015721762685395463, 0.008232969436855865]",True,False
R3-E-2-3,50.0,"[0.013566626875405581, 0.02130975647008677, 0.012978166174659907, 0.008235096429979638]","[0.013566626875405581, 0.02130975647008677, 0.012978166174659907, 0.008235096429979638]","[0.013566626875405581, 0.02130975647008677, 0.012978166174659907, 0.008235096429979638]",True,False
R3-E-2-3,52.0,"[0.015751535889144148, 0.02165559635845294, 0.0098911110603305, 0.009071048698271892]","[0.015751535889144148, 0.02165559635845294, 0.0098911110603305, 0.009071048698271892]","[0.015751535889144148, 0.02165559635845294, 0.0098911110603305, 0.009071048698271892]",True,False
R3-E-2-3,54.0,"[0.017411271393089515, 0.021401272071207053, 0.007769417068633216, 0.010572457968379974]","[0.017411271393089515, 0.021401272071207053, 0.007769417068633216, 0.010572457968379974]","[0.017411271393089515, 0.021401272071207053, 0.007769417068633216, 0.010572457968379974]",True,False
R3-E-2-3,56.0,"[0.017420907965974893, 0.020964285981712447, 0.007354572769774168, 0.01222426930100284]","[0.017420907965974893, 0.020964285981712447, 0.007354572769774168, 0.01222426930100284]","[0.017420907965974893, 0.020964285981712447, 0.007354572769774168, 0.01222426930100284]",True,False
R3-E-2-3,58.0,"[0.01569485798512521, 0.020805884525450954, 0.008606649576811816, 0.013458288172397002]","[0.01569485798512521, 0.020805884525450954, 0.008606649576811816, 0.013458288172397002]","[0.01569485798512521, 0.020805884525450954, 0.008606649576811816, 0.013458288172397002]",True,False
R3-E-2-3,60.0,"[0.013028282060822627, 0.021196694272044698, 0.010633585707166023, 0.013939265008565035]","[0.013028282060822627, 0.021196694272044698, 0.010633585707166023, 0.013939265008565035]","[0.013028282060822627, 0.021196694272044698, 0.010633585707166023, 0.013939265008565035]",True,False
R3-E-4-0,0.0,"[2.9318532271784026e-06, -3.3521112666301057e-06, 2.9289406125633108e-06, -3.2490897347080905e-06]","[2.9318532271784026e-06, -3.3521112666301057e-06, 2.9289406125633108e-06, -3.2490897347080905e-06]","[2.9318532271784026e-06, -3.3521112666301057e-06, 2.9289406125633108e-06, -3.2490897347080905e-06]",True,False
R3-E-4-0,4.0,"[-3.683633134235182e-06, -7.158686111781769e-06, -7.056026318200766e-06, -7.907557623449608e-06]","[-3.683633134235182e-06, -7.158686111781769e-06, -7.056026318200766e-06, -7.907557623449608e-06]","[-3.683633134235182e-06, -7.158686111781769e-06, -7.056026318200766e-06, -7.907557623449608e-06]",True,False
R3-E-4-0,8.0,"[-6.592198412069842e-06, -1.0691916089434018e-05, -1.2925976985998605e-05, -1.2602429067492103e-05]","[-6.592198412069842e-06, -1.0691916089434018e-05, -1.2925976985998605e-05, -1.2602429067492103e-05]","[-6.592198412069842e-06, -1.0691916089434018e-05, -1.2925976985998605e-05, -1.2602429067492103e-05]",True,False
R3-E-4-0,12.0,"[-7.204605343912987e-06, -1.361233966776788e-05, -1.5001353832686377e-05, -1.661420300452109e-05]","[-7.204605343912987e-06, -1.361233966776788e-05, -1.5001353832686377e-05, -1.661420300452109e-05]","[-7.204605343912987e-06, -1.361233966776788e-05, -1.5001353832686377e-05, -1.661420300452109e-05]",True,False
R3-E-4-0,16.0,"[-7.195845943636506e-06, -1.604276440870099e-05, -1.4418193686535589e-05, -2.0078981573232427e-05]","[-7.195845943636506e-06, -1.604276440870099e-05, -1.4418193686535589e-05, -2.0078981573232427e-05]","[-7.195845943636506e-06, -1.604276440870099e-05, -1.4418193686535589e-05, -2.0078981573232427e-05]",True,False
R3-E-4-0,20.0,"[-7.691772867812744e-06, -1.777731837840777e-05, -1.38468292304104e-05, -2.288834934583244e-05]","[-7.691772867812744e-06, -1.777731837840777e-05, -1.38468292304104e-05, -2.288834934583244e-05]","[-7.691772867812744e-06, -1.777731837840777e-05, -1.38468292304104e-05, -2.288834934583244e-05]",True,False
R3-E-4-0,24.0,"[0.023466695658039497, 0.0008406432568985337, 0.0018562087048630811, 0.004771647554442099]","[0.023466695658039497, 0.0008406432568985337, 0.0018562087048630811, 0.004771647554442099]","[0.023466695658039497, 0.0008406432568985337, 0.0018562087048630811, 0.004771647554442099]",True,False
R3-E-4-0,28.0,"[0.014070978304107737, 0.005309712696874063, 0.012503516077073664, 0.0053419021319801585]","[0.014070978304107737, 0.005309712696874063, 0.012503516077073664, 0.0053419021319801585]","[0.014070978304107737, 0.005309712696874063, 0.012503516077073664, 0.0053419021319801585]",True,False
R3-E-4-0,32.0,"[0.022875886959690703, 0.008074992384500402, -0.0005534084201612992, 0.006867775795173953]","[0.022875886959690703, 0.008074992384500402, -0.0005534084201612992, 0.006867775795173953]","[0.022875886959690703, 0.008074992384500402, -0.0005534084201612992, 0.006867775795173953]",True,False
R3-E-4-0,36.0,"[0.023444452941792322, 0.008980419861189911, -0.0025885676607699457, 0.009950810997122129]","[0.023444452941792322, 0.008980419861189911, -0.0025885676607699457, 0.009950810997122129]","[0.023444452941792322, 0.008980419861189911, -0.0025885676607699457, 0.009950810997122129]",True,False
R3-E-4-0,40.0,"[0.008057794736714478, 0.012288107681456367, 0.011280540917954933, 0.009548969603452976]","[0.008057794736714478, 0.012288107681456367, 0.011280540917954933, 0.009548969603452976]","[0.008057794736714478, 0.012288107681456367, 0.011280540917954933, 0.009548969603452976]",True,False
R3-E-4-0,44.0,"[0.012019694451217882, 0.015266789833685894, 0.003682418147881868, 0.008583164618062213]","[0.012019694451217882, 0.015266789833685894, 0.003682418147881868, 0.008583164618062213]","[0.012019694451217882, 0.015266789833685894, 0.003682418147881868, 0.008583164618062213]",True,False
R3-E-4-0,48.0,"[0.023042318264785377, 0.014278591482728049, -0.007894990125121838, 0.011957254205334234]","[0.023042318264785377, 0.014278591482728049, -0.007894990125121838, 0.011957254205334234]","[0.023042318264785377, 0.014278591482728049, -0.007894990125121838, 0.011957254205334234]",True,False
R3-E-4-0,52.0,"[0.0011993416085156298, 0.016940585788946142, 0.014533996170301607, 0.010848499796875705]","[0.0011993416085156298, 0.016940585788946142, 0.014533996170301607, 0.010848499796875705]","[0.0011993416085156298, 0.016940585788946142, 0.014533996170301607, 0.010848499796875705]",True,False
R3-E-4-0,56.0,"[0.014871690455278166, 0.019360424542856976, -0.0024295805694815914, 0.00938280883580715]","[0.014871690455278166, 0.019360424542856976, -0.0024295805694815914, 0.00938280883580715]","[0.014871690455278166, 0.019360424542856976, -0.0024295805694815914, 0.00938280883580715]",True,False
R3-E-4-0,60.0,"[0.014795987003149234, 0.016122000316445964, 0.0005258724474317011, 0.014236354755808036]","[0.014795987003149234, 0.016122000316445964, 0.0005258724474317011, 0.014236354755808036]","[0.014795987003149234, 0.016122000316445964, 0.0005258724474317011, 0.014236354755808036]",True,False
R3-E-4-1,0.0,"[2.9318532271784026e-06, -3.3521112666301057e-06, 2.9289406125633108e-06, -3.2490897347080905e-06]","[2.9318532271784026e-06, -3.3521112666301057e-06, 2.9289406125633108e-06, -3.2490897347080905e-06]","[2.9318532271784026e-06, -3.3521112666301057e-06, 2.9289406125633108e-06, -3.2490897347080905e-06]",True,False
R3-E-4-1,4.0,"[-3.683633134235182e-06, -7.158686111781769e-06, -7.056026318200766e-06, -7.907557623449608e-06]","[-3.683633134235182e-06, -7.158686111781769e-06, -7.056026318200766e-06, -7.907557623449608e-06]","[-3.683633134235182e-06, -7.158686111781769e-06, -7.056026318200766e-06, -7.907557623449608e-06]",True,False
R3-E-4-1,8.0,"[-6.592198412069842e-06, -1.0691916089434018e-05, -1.2925976985998605e-05, -1.2602429067492103e-05]","[-6.592198412069842e-06, -1.0691916089434018e-05, -1.2925976985998605e-05, -1.2602429067492103e-05]","[-6.592198412069842e-06, -1.0691916089434018e-05, -1.2925976985998605e-05, -1.2602429067492103e-05]",True,False
R3-E-4-1,12.0,"[-7.204605343912987e-06, -1.361233966776788e-05, -1.5001353832686377e-05, -1.661420300452109e-05]","[-7.204605343912987e-06, -1.361233966776788e-05, -1.5001353832686377e-05, -1.661420300452109e-05]","[-7.204605343912987e-06, -1.361233966776788e-05, -1.5001353832686377e-05, -1.661420300452109e-05]",True,False
R3-E-4-1,16.0,"[-7.195845943636506e-06, -1.604276440870099e-05, -1.4418193686535589e-05, -2.0078981573232427e-05]","[-7.195845943636506e-06, -1.604276440870099e-05, -1.4418193686535589e-05, -2.0078981573232427e-05]","[-7.195845943636506e-06, -1.604276440870099e-05, -1.4418193686535589e-05, -2.0078981573232427e-05]",True,False
R3-E-4-1,20.0,"[-7.691772867812744e-06, -1.777731837840777e-05, -1.38468292304104e-05, -2.288834934583244e-05]","[-7.691772867812744e-06, -1.777731837840777e-05, -1.38468292304104e-05, -2.288834934583244e-05]","[-7.691772867812744e-06, -1.777731837840777e-05, -1.38468292304104e-05, -2.288834934583244e-05]",True,False
R3-E-4-1,24.0,"[0.015276278926794808, 0.001252030495613311, 0.009540241558430274, 0.0029153197295761174]","[0.015276278926794808, 0.001252030495613311, 0.009540241558430274, 0.0029153197295761174]","[0.015276278926794808, 0.001252030495613311, 0.009540241558430274, 0.0029153197295761174]",True,False
R3-E-4-1,28.0,"[0.008794013024691082, 0.0031181743508974773, 0.00615675382563731, 0.00417495962447058]","[0.008794013024691082, 0.0031181743508974773, 0.00615675382563731, 0.00417495962447058]","[0.008794013024691082, 0.0031181743508974773, 0.00615675382563731, 0.00417495962447058]",True,False
R3-E-4-1,32.0,"[0.010848454162774617, 0.00526043339605151, 0.008262658694129057, 0.005596642162621386]","[0.010848454162774617, 0.00526043339605151, 0.008262658694129057, 0.005596642162621386]","[0.010848454162774617, 0.00526043339605151, 0.008262658694129057, 0.005596642162621386]",True,False
R3-E-4-1,36.0,"[0.012071583337957806, 0.007218145312843005, 0.007993771532694033, 0.007331099899822666]","[0.012071583337957806, 0.007218145312843005, 0.007993771532694033, 0.007331099899822666]","[0.012071583337957806, 0.007218145312843005, 0.007993771532694033, 0.007331099899822666]",True,False
R3-E-4-1,40.0,"[0.011437053018249392, 0.009015783212472674, 0.008159476678127138, 0.008954683768378836]","[0.011437053018249392, 0.009015783212472674, 0.008159476678127138, 0.008954683768378836]","[0.011437053018249392, 0.009015783212472674, 0.008159476678127138, 0.008954683768378836]",True,False
R3-E-4-1,44.0,"[0.009710785528470201, 0.010713517915931434, 0.008583187854620585, 0.010179936294738196]","[0.009710785528470201, 0.010713517915931434, 0.008583187854620585, 0.010179936294738196]","[0.009710785528470201, 0.010713517915931434, 0.008583187854620585, 0.010179936294738196]",True,False
R3-E-4-1,48.0,"[0.009009755191852403, 0.012161242069538758, 0.007936981232874226, 0.01119693316129452]","[0.009009755191852403, 0.012161242069538758, 0.007936981232874226, 0.01119693316129452]","[0.009009755191852403, 0.012161242069538758, 0.007936981232874226, 0.01119693316129452]",True,False
R3-E-4-1,52.0,"[0.009136390256249195, 0.013241296230300343, 0.006626697708365206, 0.012205281938964873]","[0.009136390256249195, 0.013241296230300343, 0.006626697708365206, 0.012205281938964873]","[0.009136390256249195, 0.013241296230300343, 0.006626697708365206, 0.012205281938964873]",True,False
R3-E-4-1,56.0,"[0.008648842904858203, 0.014126188253330433, 0.006294473858283814, 0.013097197703872139]","[0.008648842904858203, 0.014126188253330433, 0.006294473858283814, 0.013097197703872139]","[0.008648842904858203, 0.014126188253330433, 0.006294473858283814, 0.013097197703872139]",True,False
R3-E-4-1,60.0,"[0.007533390432246037, 0.014989121482450532, 0.006769730099291503, 0.0137184650111797]","[0.007533390432246037, 0.014989121482450532, 0.006769730099291503, 0.0137184650111797]","[0.007533390432246037, 0.014989121482450532, 0.006769730099291503, 0.0137184650111797]",True,False
R3-E-4-2,0.0,"[2.9318532271784026e-06, -3.3521112666301057e-06, 2.9289406125633108e-06, -3.2490897347080905e-06]","[2.9318532271784026e-06, -3.3521112666301057e-06, 2.9289406125633108e-06, -3.2490897347080905e-06]","[2.9318532271784026e-06, -3.3521112666301057e-06, 2.9289406125633108e-06, -3.2490897347080905e-06]",True,False
R3-E-4-2,4.0,"[-3.683633134235182e-06, -7.158686111781769e-06, -7.056026318200766e-06, -7.907557623449608e-06]","[-3.683633134235182e-06, -7.158686111781769e-06, -7.056026318200766e-06, -7.907557623449608e-06]","[-3.683633134235182e-06, -7.158686111781769e-06, -7.056026318200766e-06, -7.907557623449608e-06]",True,False
R3-E-4-2,8.0,"[-6.592198412069842e-06, -1.0691916089434018e-05, -1.2925976985998605e-05, -1.2602429067492103e-05]","[-6.592198412069842e-06, -1.0691916089434018e-05, -1.2925976985998605e-05, -1.2602429067492103e-05]","[-6.592198412069842e-06, -1.0691916089434018e-05, -1.2925976985998605e-05, -1.2602429067492103e-05]",True,False
R3-E-4-2,12.0,"[-7.204605343912987e-06, -1.361233966776788e-05, -1.5001353832686377e-05, -1.661420300452109e-05]","[-7.204605343912987e-06, -1.361233966776788e-05, -1.5001353832686377e-05, -1.661420300452109e-05]","[-7.204605343912987e-06, -1.361233966776788e-05, -1.5001353832686377e-05, -1.661420300452109e-05]",True,False
R3-E-4-2,16.0,"[-7.195845943636506e-06, -1.604276440870099e-05, -1.4418193686535589e-05, -2.0078981573232427e-05]","[-7.195845943636506e-06, -1.604276440870099e-05, -1.4418193686535589e-05, -2.0078981573232427e-05]","[-7.195845943636506e-06, -1.604276440870099e-05, -1.4418193686535589e-05, -2.0078981573232427e-05]",True,False
R3-E-4-2,20.0,"[-7.691772867812744e-06, -1.777731837840777e-05, -1.38468292304104e-05, -2.288834934583244e-05]","[-7.691772867812744e-06, -1.777731837840777e-05, -1.38468292304104e-05, -2.288834934583244e-05]","[-7.691772867812744e-06, -1.777731837840777e-05, -1.38468292304104e-05, -2.288834934583244e-05]",True,False
R3-E-4-2,24.0,"[-7.118663787478304e-06, -1.922526992176514e-05, -1.2923793770281377e-05, -2.520831284521946e-05]","[-7.118663787478304e-06, -1.922526992176514e-05, -1.2923793770281377e-05, -2.520831284521946e-05]","[-7.118663787478304e-06, -1.922526992176514e-05, -1.2923793770281377e-05, -2.520831284521946e-05]",True,False
R3-E-4-2,28.0,"[0.0246093909724509, 0.0008569044873622267, 0.0028581947125481864, 0.005017769973032299]","[0.0246093909724509, 0.0008569044873622267, 0.0028581947125481864, 0.005017769973032299]","[0.0246093909724509, 0.0008569044873622267, 0.0028581947125481864, 0.005017769973032299]",True,False
R3-E-4-2,32.0,"[0.016463996523564357, 0.00545638857071517, 0.00990480673714612, 0.005366293242934159]","[0.016463996523564357, 0.00545638857071517, 0.00990480673714612, 0.005366293242934159]","[0.016463996523564357, 0.00545638857071517, 0.00990480673714612, 0.005366293242934159]",True,False
R3-E-4-2,36.0,"[0.02505533648076672, 0.007912358261006095, -0.0015859706999536898, 0.007520204149719582]","[0.02505533648076672, 0.007912358261006095, -0.0015859706999536898, 0.007520204149719582]","[0.02505533648076672, 0.007912358261006095, -0.0015859706999536898, 0.007520204149719582]",True,False
R3-E-4-2,40.0,"[0.02196590785891874, 0.009689785252732666, 0.0006095460780554645, 0.00998089293228418]","[0.02196590785891874, 0.009689785252732666, 0.0006095460780554645, 0.00998089293228418]","[0.02196590785891874, 0.009689785252732666, 0.0006095460780554645, 0.00998089293228418]",True,False
R3-E-4-2,44.0,"[0.010432732408330073, 0.012962444131898372, 0.010511459200173493, 0.009982736466113518]","[0.010432732408330073, 0.012962444131898372, 0.010511459200173493, 0.009982736466113518]","[0.010432732408330073, 0.012962444131898372, 0.010511459200173493, 0.009982736466113518]",True,False
R3-E-4-2,48.0,"[0.010443568580629836, 0.01580161937953803, 0.007467528432157855, 0.009581719190814441]","[0.010443568580629836, 0.01580161937953803, 0.007467528432157855, 0.009581719190814441]","[0.010443568580629836, 0.01580161937953803, 0.007467528432157855, 0.009581719190814441]",True,False
R3-E-4-2,52.0,"[0.0186604757153966, 0.016509161088760143, -0.0024136271351389077, 0.01118306573093903]","[0.0186604757153966, 0.016509161088760143, -0.0024136271351389077, 0.01118306573093903]","[0.0186604757153966, 0.016509161088760143, -0.0024136271351389077, 0.01118306573093903]",True,False
R3-E-4-2,56.0,"[0.015624595220049695, 0.01710622600901703, 0.0007964134921605637, 0.012732144033638785]","[0.015624595220049695, 0.01710622600901703, 0.0007964134921605637, 0.012732144033638785]","[0.015624595220049695, 0.01710622600901703, 0.0007964134921605637, 0.012732144033638785]",True,False
R3-E-4-2,60.0,"[0.005866833779406361, 0.019194360854788015, 0.010148835404833476, 0.0121820166252575]","[0.005866833779406361, 0.019194360854788015, 0.010148835404833476, 0.0121820166252575]","[0.005866833779406361, 0.019194360854788015, 0.010148835404833476, 0.0121820166252575]",True,False
R3-E-4-3,0.0,"[2.9318532271784026e-06, -3.3521112666301057e-06, 2.9289406125633108e-06, -3.2490897347080905e-06]","[2.9318532271784026e-06, -3.3521112666301057e-06, 2.9289406125633108e-06, -3.2490897347080905e-06]","[2.9318532271784026e-06, -3.3521112666301057e-06, 2.9289406125633108e-06, -3.2490897347080905e-06]",True,False
R3-E-4-3,4.0,"[-3.683633134235182e-06, -7.158686111781769e-06, -7.056026318200766e-06, -7.907557623449608e-06]","[-3.683633134235182e-06, -7.158686111781769e-06, -7.056026318200766e-06, -7.907557623449608e-06]","[-3.683633134235182e-06, -7.158686111781769e-06, -7.056026318200766e-06, -7.907557623449608e-06]",True,False
R3-E-4-3,8.0,"[-6.592198412069842e-06, -1.0691916089434018e-05, -1.2925976985998605e-05, -1.2602429067492103e-05]","[-6.592198412069842e-06, -1.0691916089434018e-05, -1.2925976985998605e-05, -1.2602429067492103e-05]","[-6.592198412069842e-06, -1.0691916089434018e-05, -1.2925976985998605e-05, -1.2602429067492103e-05]",True,False
R3-E-4-3,12.0,"[-7.204605343912987e-06, -1.361233966776788e-05, -1.5001353832686377e-05, -1.661420300452109e-05]","[-7.204605343912987e-06, -1.361233966776788e-05, -1.5001353832686377e-05, -1.661420300452109e-05]","[-7.204605343912987e-06, -1.361233966776788e-05, -1.5001353832686377e-05, -1.661420300452109e-05]",True,False
R3-E-4-3,16.0,"[-7.195845943636506e-06, -1.604276440870099e-05, -1.4418193686535589e-05, -2.0078981573232427e-05]","[-7.195845943636506e-06, -1.604276440870099e-05, -1.4418193686535589e-05, -2.0078981573232427e-05]","[-7.195845943636506e-06, -1.604276440870099e-05, -1.4418193686535589e-05, -2.0078981573232427e-05]",True,False
R3-E-4-3,20.0,"[-7.691772867812744e-06, -1.777731837840777e-05, -1.38468292304104e-05, -2.288834934583244e-05]","[-7.691772867812744e-06, -1.777731837840777e-05, -1.38468292304104e-05, -2.288834934583244e-05]","[-7.691772867812744e-06, -1.777731837840777e-05, -1.38468292304104e-05, -2.288834934583244e-05]",True,False
R3-E-4-3,24.0,"[0.02605565578960843, 0.0015561916791597677, 0.007610050349425597, 0.005114146028397081]","[0.02605565578960843, 0.0015561916791597677, 0.007610050349425597, 0.005114146028397081]","[0.02605565578960843, 0.0015561916791597677, 0.007610050349425597, 0.005114146028397081]",True,False
R3-E-4-3,28.0,"[0.01718248761091589, 0.00498679533870831, 0.007395977211628366, 0.006340318106829717]","[0.01718248761091589, 0.00498679533870831, 0.007395977211628366, 0.006340318106829717]","[0.01718248761091589, 0.00498679533870831, 0.007395977211628366, 0.006340318106829717]",True,False
R3-E-4-3,32.0,"[0.02019816473691091, 0.007850685606875893, 0.004804391012123124, 0.008229725742298676]","[0.02019816473691091, 0.007850685606875893, 0.004804391012123124, 0.008229725742298676]","[0.02019816473691091, 0.007850685606875893, 0.004804391012123124, 0.008229725742298676]",True,False
R3-E-4-3,36.0,"[0.01901111147471055, 0.010462117307250694, 0.006012112163306389, 0.010193744886218525]","[0.01901111147471055, 0.010462117307250694, 0.006012112163306389, 0.010193744886218525]","[0.01901111147471055, 0.010462117307250694, 0.006012112163306389, 0.010193744886218525]",True,False
R3-E-4-3,40.0,"[0.014378365360765272, 0.013256143623010204, 0.009247557606172711, 0.011313085061137042]","[0.014378365360765272, 0.013256143623010204, 0.009247557606172711, 0.011313085061137042]","[0.014378365360765272, 0.013256143623010204, 0.009247557606172711, 0.011313085061137042]",True,False
R3-E-4-3,44.0,"[0.012638189732124805, 0.015681018847024466, 0.008712530914223013, 0.012075231521727122]","[0.012638189732124805, 0.015681018847024466, 0.008712530914223013, 0.012075231521727122]","[0.012638189732124805, 0.015681018847024466, 0.008712530914223013, 0.012075231521727122]",True,False
R3-E-4-3,48.0,"[0.014251669000526776, 0.017267607999806183, 0.005496535381829016, 0.013239560950033927]","[0.014251669000526776, 0.017267607999806183, 0.005496535381829016, 0.013239560950033927]","[0.014251669000526776, 0.017267607999806183, 0.005496535381829016, 0.013239560950033927]",True,False
R3-E-4-3,52.0,"[0.013772022306811795, 0.018478501435294233, 0.005105966619167908, 0.014435651237809476]","[0.013772022306811795, 0.018478501435294233, 0.005105966619167908, 0.014435651237809476]","[0.013772022306811795, 0.018478501435294233, 0.005105966619167908, 0.014435651237809476]",True,False
R3-E-4-3,56.0,"[0.010588478425253515, 0.019894107805782876, 0.007562092005242011, 0.015005100297460343]","[0.010588478425253515, 0.019894107805782876, 0.007562092005242011, 0.015005100297460343]","[0.010588478425253515, 0.019894107805782876, 0.007562092005242011, 0.015005100297460343]",True,False
R3-E-4-3,60.0,"[0.009278111778079244, 0.02124931696222637, 0.007905978158590739, 0.015242505536082938]","[0.009278111778079244, 0.02124931696222637, 0.007905978158590739, 0.015242505536082938]","[0.009278111778079244, 0.02124931696222637, 0.007905978158590739, 0.015242505536082938]",True,False
