scenario_id,split,seed,design_cell,plant,mechanism,capability_mechanism,sg_tension,period_s,control_period_s,condition,known_ood,duration_s,capability_change_time_s,load_event_time_s,load_area,load_sign,load_magnitude_pu,timing_relation,initial_soc,initial_soc_area1,initial_soc_area2,value_region,contract_violation,contract_status,factor_assignment
D5-OHS-000,development_oracle_horizon_screen,5700,A_full_nonlinear|power_drop|low|2,A_full_nonlinear,power_drop,power_drop,low,2.0,2.0,known,known,300.0,111.38263643609105,97.38263643609105,area0,1,0.0744,before,0.45,0.45,0.45,HIGH_VALUE_CANDIDATE,False,WITHIN_CONTRACT,NEW_DEVELOPMENT_ORACLE_HORIZON_SCREEN
D5-OHS-001,development_oracle_horizon_screen,5701,A_full_nonlinear|power_drop|low|2,A_full_nonlinear,power_drop,power_drop,low,2.0,2.0,known,known,300.0,125.94381191849615,111.94381191849615,area1,1,0.02,before,0.55,0.55,0.55,LOW_VALUE_CONTROL,False,WITHIN_CONTRACT,NEW_DEVELOPMENT_ORACLE_HORIZON_SCREEN
D5-OHS-002,development_oracle_horizon_screen,5702,A_full_nonlinear|power_drop|low|4,A_full_nonlinear,power_drop,power_drop,low,4.0,4.0,known,known,300.0,106.59504928326956,106.59504928326956,both,1,0.0744,simultaneous,0.45,0.45,0.45,HIGH_VALUE_CANDIDATE,False,WITHIN_CONTRACT,NEW_DEVELOPMENT_ORACLE_HORIZON_SCREEN
D5-OHS-003,development_oracle_horizon_screen,5703,A_full_nonlinear|power_drop|low|4,A_full_nonlinear,power_drop,power_drop,low,4.0,4.0,known,known,300.0,104.57836572667594,104.57836572667594,area0,1,0.02,simultaneous,0.55,0.55,0.55,LOW_VALUE_CONTROL,False,WITHIN_CONTRACT,NEW_DEVELOPMENT_ORACLE_HORIZON_SCREEN
D5-OHS-004,development_oracle_horizon_screen,5704,A_full_nonlinear|power_drop|high|2,A_full_nonlinear,power_drop,power_drop,high,2.0,2.0,OOD,OOD,300.0,111.18455729634319,125.18455729634319,area1,1,0.0558,after,0.45,0.45,0.45,HIGH_VALUE_CANDIDATE,False,WITHIN_CONTRACT,NEW_DEVELOPMENT_ORACLE_HORIZON_SCREEN
D5-OHS-005,development_oracle_horizon_screen,5705,A_full_nonlinear|power_drop|high|2,A_full_nonlinear,power_drop,power_drop,high,2.0,2.0,OOD,OOD,300.0,109.36420427034497,123.36420427034497,both,1,0.02,after,0.55,0.55,0.55,LOW_VALUE_CONTROL,False,WITHIN_CONTRACT,NEW_DEVELOPMENT_ORACLE_HORIZON_SCREEN
D5-OHS-006,development_oracle_horizon_screen,5706,A_full_nonlinear|power_drop|high|4,A_full_nonlinear,power_drop,power_drop,high,4.0,4.0,OOD,OOD,300.0,125.41634744807378,111.41634744807378,area0,1,0.0558,before,0.45,0.45,0.45,HIGH_VALUE_CANDIDATE,False,WITHIN_CONTRACT,NEW_DEVELOPMENT_ORACLE_HORIZON_SCREEN
D5-OHS-007,development_oracle_horizon_screen,5707,A_full_nonlinear|power_drop|high|4,A_full_nonlinear,power_drop,power_drop,high,4.0,4.0,OOD,OOD,300.0,107.54784069702534,93.54784069702534,area1,1,0.02,before,0.55,0.55,0.55,LOW_VALUE_CONTROL,False,WITHIN_CONTRACT,NEW_DEVELOPMENT_ORACLE_HORIZON_SCREEN
D5-OHS-008,development_oracle_horizon_screen,5708,A_full_nonlinear|ramp_drop|low|2,A_full_nonlinear,ramp_drop,ramp_drop,low,2.0,2.0,OOD,OOD,300.0,119.28078205875599,119.28078205875599,both,1,0.0744,simultaneous,0.45,0.45,0.45,HIGH_VALUE_CANDIDATE,False,WITHIN_CONTRACT,NEW_DEVELOPMENT_ORACLE_HORIZON_SCREEN
D5-OHS-009,development_oracle_horizon_screen,5709,A_full_nonlinear|ramp_drop|low|2,A_full_nonlinear,ramp_drop,ramp_drop,low,2.0,2.0,OOD,OOD,300.0,123.27895229179387,123.27895229179387,area0,1,0.02,simultaneous,0.55,0.55,0.55,LOW_VALUE_CONTROL,False,WITHIN_CONTRACT,NEW_DEVELOPMENT_ORACLE_HORIZON_SCREEN
D5-OHS-010,development_oracle_horizon_screen,5710,A_full_nonlinear|ramp_drop|low|4,A_full_nonlinear,ramp_drop,ramp_drop,low,4.0,4.0,OOD,OOD,300.0,114.45957686704051,128.4595768670405,area1,1,0.0744,after,0.45,0.45,0.45,HIGH_VALUE_CANDIDATE,False,WITHIN_CONTRACT,NEW_DEVELOPMENT_ORACLE_HORIZON_SCREEN
D5-OHS-011,development_oracle_horizon_screen,5711,A_full_nonlinear|ramp_drop|low|4,A_full_nonlinear,ramp_drop,ramp_drop,low,4.0,4.0,OOD,OOD,300.0,113.79634298257778,127.79634298257778,both,1,0.02,after,0.55,0.55,0.55,LOW_VALUE_CONTROL,False,WITHIN_CONTRACT,NEW_DEVELOPMENT_ORACLE_HORIZON_SCREEN
D5-OHS-012,development_oracle_horizon_screen,5712,A_full_nonlinear|ramp_drop|high|2,A_full_nonlinear,ramp_drop,ramp_drop,high,2.0,2.0,known,known,300.0,102.77775024938414,88.77775024938414,area0,1,0.0558,before,0.45,0.45,0.45,HIGH_VALUE_CANDIDATE,False,WITHIN_CONTRACT,NEW_DEVELOPMENT_ORACLE_HORIZON_SCREEN
D5-OHS-013,development_oracle_horizon_screen,5713,A_full_nonlinear|ramp_drop|high|2,A_full_nonlinear,ramp_drop,ramp_drop,high,2.0,2.0,known,known,300.0,117.7506815839757,103.7506815839757,area1,1,0.02,before,0.55,0.55,0.55,LOW_VALUE_CONTROL,False,WITHIN_CONTRACT,NEW_DEVELOPMENT_ORACLE_HORIZON_SCREEN
D5-OHS-014,development_oracle_horizon_screen,5714,A_full_nonlinear|ramp_drop|high|4,A_full_nonlinear,ramp_drop,ramp_drop,high,4.0,4.0,known,known,300.0,107.83563129871573,107.83563129871573,both,1,0.0558,simultaneous,0.45,0.45,0.45,HIGH_VALUE_CANDIDATE,False,WITHIN_CONTRACT,NEW_DEVELOPMENT_ORACLE_HORIZON_SCREEN
D5-OHS-015,development_oracle_horizon_screen,5715,A_full_nonlinear|ramp_drop|high|4,A_full_nonlinear,ramp_drop,ramp_drop,high,4.0,4.0,known,known,300.0,121.62705030354542,121.62705030354542,area0,1,0.02,simultaneous,0.55,0.55,0.55,LOW_VALUE_CONTROL,False,WITHIN_CONTRACT,NEW_DEVELOPMENT_ORACLE_HORIZON_SCREEN
