scenario_id,method,plant,condition,domain,evaluation_status,physical_success,hard_violation,fallback_calls,stored_cycle_rows,representative_trace,controller_failure_detail,physical_certificate_detail,trace_storage_path
I6-A-000,dcsv_mpc,A_full_nonlinear,OOD,PHYSICALLY_INFEASIBLE,PHYSICALLY_INFEASIBLE_CERTIFIED,False,False,0,151,True,False,True,results_phase_i/I6/VALIDATION_CYCLES.parquet
I6-A-000,fixed_allocation_pi,A_full_nonlinear,OOD,PHYSICALLY_INFEASIBLE,PHYSICALLY_INFEASIBLE_CERTIFIED,False,False,0,151,True,False,True,results_phase_i/I6/VALIDATION_CYCLES.parquet
I6-A-001,dcsv_mpc,A_full_nonlinear,known,SUSTAINABLE,EVALUATED,True,False,0,150,True,False,False,results_phase_i/I6/VALIDATION_CYCLES.parquet
I6-A-001,fixed_allocation_pi,A_full_nonlinear,known,SUSTAINABLE,EVALUATED,True,False,0,150,True,False,False,results_phase_i/I6/VALIDATION_CYCLES.parquet
I6-A-002,dcsv_mpc,A_full_nonlinear,known,BRIDGE,EVALUATED,True,False,0,151,False,False,False,results_phase_i/I6/VALIDATION_CYCLES.parquet
I6-A-002,fixed_allocation_pi,A_full_nonlinear,known,BRIDGE,EVALUATED,True,False,0,151,False,False,False,results_phase_i/I6/VALIDATION_CYCLES.parquet
I6-A-003,dcsv_mpc,A_full_nonlinear,known,BRIDGE,EVALUATED,True,False,0,150,False,False,False,results_phase_i/I6/VALIDATION_CYCLES.parquet
I6-A-003,fixed_allocation_pi,A_full_nonlinear,known,BRIDGE,EVALUATED,True,False,0,151,False,False,False,results_phase_i/I6/VALIDATION_CYCLES.parquet
I6-A-004,dcsv_mpc,A_full_nonlinear,known,PHYSICALLY_INFEASIBLE,PHYSICALLY_INFEASIBLE_CERTIFIED,False,False,0,151,False,False,True,results_phase_i/I6/VALIDATION_CYCLES.parquet
I6-A-004,fixed_allocation_pi,A_full_nonlinear,known,PHYSICALLY_INFEASIBLE,PHYSICALLY_INFEASIBLE_CERTIFIED,False,False,0,151,False,False,True,results_phase_i/I6/VALIDATION_CYCLES.parquet
I6-A-005,dcsv_mpc,A_full_nonlinear,known,SUSTAINABLE,EVALUATED,True,False,0,151,False,False,False,results_phase_i/I6/VALIDATION_CYCLES.parquet
I6-A-005,fixed_allocation_pi,A_full_nonlinear,known,SUSTAINABLE,EVALUATED,True,False,0,151,False,False,False,results_phase_i/I6/VALIDATION_CYCLES.parquet
I6-A-006,dcsv_mpc,A_full_nonlinear,OOD,BRIDGE,EVALUATED,True,False,0,151,False,False,False,results_phase_i/I6/VALIDATION_CYCLES.parquet
I6-A-006,fixed_allocation_pi,A_full_nonlinear,OOD,BRIDGE,EVALUATED,True,False,0,151,False,False,False,results_phase_i/I6/VALIDATION_CYCLES.parquet
I6-A-007,dcsv_mpc,A_full_nonlinear,OOD,SUSTAINABLE,EVALUATED,True,False,0,151,False,False,False,results_phase_i/I6/VALIDATION_CYCLES.parquet
I6-A-007,fixed_allocation_pi,A_full_nonlinear,OOD,SUSTAINABLE,EVALUATED,True,False,0,150,False,False,False,results_phase_i/I6/VALIDATION_CYCLES.parquet
I6-A-008,dcsv_mpc,A_full_nonlinear,OOD,SUSTAINABLE,EVALUATED,True,False,0,151,False,False,False,results_phase_i/I6/VALIDATION_CYCLES.parquet
I6-A-008,fixed_allocation_pi,A_full_nonlinear,OOD,SUSTAINABLE,EVALUATED,True,False,0,151,False,False,False,results_phase_i/I6/VALIDATION_CYCLES.parquet
I6-A-009,dcsv_mpc,A_full_nonlinear,OOD,SUSTAINABLE,EVALUATED,True,False,0,150,False,False,False,results_phase_i/I6/VALIDATION_CYCLES.parquet
I6-A-009,fixed_allocation_pi,A_full_nonlinear,OOD,SUSTAINABLE,EVALUATED,True,False,0,150,False,False,False,results_phase_i/I6/VALIDATION_CYCLES.parquet
I6-A-010,dcsv_mpc,A_full_nonlinear,known,SUSTAINABLE,EVALUATED,True,False,0,76,False,False,False,results_phase_i/I6/VALIDATION_CYCLES.parquet
I6-A-010,fixed_allocation_pi,A_full_nonlinear,known,SUSTAINABLE,EVALUATED,True,False,0,76,False,False,False,results_phase_i/I6/VALIDATION_CYCLES.parquet
I6-A-011,dcsv_mpc,A_full_nonlinear,known,SUSTAINABLE,EVALUATED,True,False,0,76,False,False,False,results_phase_i/I6/VALIDATION_CYCLES.parquet
I6-A-011,fixed_allocation_pi,A_full_nonlinear,known,SUSTAINABLE,EVALUATED,True,False,0,75,False,False,False,results_phase_i/I6/VALIDATION_CYCLES.parquet
I6-A-012,dcsv_mpc,A_full_nonlinear,known,BRIDGE,EVALUATED,True,False,0,76,False,False,False,results_phase_i/I6/VALIDATION_CYCLES.parquet
I6-A-012,fixed_allocation_pi,A_full_nonlinear,known,BRIDGE,EVALUATED,True,False,0,76,False,False,False,results_phase_i/I6/VALIDATION_CYCLES.parquet
I6-A-013,dcsv_mpc,A_full_nonlinear,OOD,SUSTAINABLE,EVALUATED,True,False,0,76,False,False,False,results_phase_i/I6/VALIDATION_CYCLES.parquet
I6-A-013,fixed_allocation_pi,A_full_nonlinear,OOD,SUSTAINABLE,EVALUATED,True,False,0,76,False,False,False,results_phase_i/I6/VALIDATION_CYCLES.parquet
I6-A-014,dcsv_mpc,A_full_nonlinear,OOD,BRIDGE,EVALUATED,True,False,0,75,False,False,False,results_phase_i/I6/VALIDATION_CYCLES.parquet
I6-A-014,fixed_allocation_pi,A_full_nonlinear,OOD,BRIDGE,EVALUATED,True,False,0,75,False,False,False,results_phase_i/I6/VALIDATION_CYCLES.parquet
I6-A-015,dcsv_mpc,A_full_nonlinear,known,SUSTAINABLE,EVALUATED,True,False,0,76,False,False,False,results_phase_i/I6/VALIDATION_CYCLES.parquet
I6-A-015,fixed_allocation_pi,A_full_nonlinear,known,SUSTAINABLE,EVALUATED,True,False,0,76,False,False,False,results_phase_i/I6/VALIDATION_CYCLES.parquet
I6-A-016,dcsv_mpc,A_full_nonlinear,OOD,SUSTAINABLE,EVALUATED,True,False,0,76,False,False,False,results_phase_i/I6/VALIDATION_CYCLES.parquet
I6-A-016,fixed_allocation_pi,A_full_nonlinear,OOD,SUSTAINABLE,EVALUATED,True,False,0,76,False,False,False,results_phase_i/I6/VALIDATION_CYCLES.parquet
I6-A-017,dcsv_mpc,A_full_nonlinear,OOD,BRIDGE,EVALUATED,True,False,0,75,False,False,False,results_phase_i/I6/VALIDATION_CYCLES.parquet
I6-A-017,fixed_allocation_pi,A_full_nonlinear,OOD,BRIDGE,EVALUATED,True,False,0,76,False,False,False,results_phase_i/I6/VALIDATION_CYCLES.parquet
I6-A-018,dcsv_mpc,A_full_nonlinear,known,PHYSICALLY_INFEASIBLE,PHYSICALLY_INFEASIBLE_CERTIFIED,False,False,0,76,False,False,True,results_phase_i/I6/VALIDATION_CYCLES.parquet
I6-A-018,fixed_allocation_pi,A_full_nonlinear,known,PHYSICALLY_INFEASIBLE,PHYSICALLY_INFEASIBLE_CERTIFIED,False,False,0,75,False,False,True,results_phase_i/I6/VALIDATION_CYCLES.parquet
I6-A-019,dcsv_mpc,A_full_nonlinear,OOD,PHYSICALLY_INFEASIBLE,PHYSICALLY_INFEASIBLE_CERTIFIED,False,False,0,76,False,False,True,results_phase_i/I6/VALIDATION_CYCLES.parquet
I6-A-019,fixed_allocation_pi,A_full_nonlinear,OOD,PHYSICALLY_INFEASIBLE,PHYSICALLY_INFEASIBLE_CERTIFIED,False,False,0,76,False,False,True,results_phase_i/I6/VALIDATION_CYCLES.parquet
I6-A-020,dcsv_mpc,A_full_nonlinear,OOD,PHYSICALLY_INFEASIBLE,PHYSICALLY_INFEASIBLE_CERTIFIED,False,False,90,151,False,False,True,results_phase_i/I6/VALIDATION_CYCLES.parquet
I6-A-020,fixed_allocation_pi,A_full_nonlinear,OOD,PHYSICALLY_INFEASIBLE,PHYSICALLY_INFEASIBLE_CERTIFIED,False,False,0,150,False,False,True,results_phase_i/I6/VALIDATION_CYCLES.parquet
I6-A-021,dcsv_mpc,A_full_nonlinear,OOD,SUSTAINABLE,EVALUATED,True,False,0,151,False,False,False,results_phase_i/I6/VALIDATION_CYCLES.parquet
I6-A-021,fixed_allocation_pi,A_full_nonlinear,OOD,SUSTAINABLE,EVALUATED,True,False,0,151,False,False,False,results_phase_i/I6/VALIDATION_CYCLES.parquet
I6-A-022,dcsv_mpc,A_full_nonlinear,OOD,BRIDGE,EVALUATED,True,False,0,151,False,False,False,results_phase_i/I6/VALIDATION_CYCLES.parquet
I6-A-022,fixed_allocation_pi,A_full_nonlinear,OOD,BRIDGE,EVALUATED,True,False,0,151,False,False,False,results_phase_i/I6/VALIDATION_CYCLES.parquet
I6-A-023,dcsv_mpc,A_full_nonlinear,OOD,PHYSICALLY_INFEASIBLE,PHYSICALLY_INFEASIBLE_CERTIFIED,False,False,1,150,False,False,True,results_phase_i/I6/VALIDATION_CYCLES.parquet
I6-A-023,fixed_allocation_pi,A_full_nonlinear,OOD,PHYSICALLY_INFEASIBLE,PHYSICALLY_INFEASIBLE_CERTIFIED,False,False,0,151,False,False,True,results_phase_i/I6/VALIDATION_CYCLES.parquet
I6-A-024,dcsv_mpc,A_full_nonlinear,OOD,SUSTAINABLE,EVALUATED,True,False,0,151,False,False,False,results_phase_i/I6/VALIDATION_CYCLES.parquet
I6-A-024,fixed_allocation_pi,A_full_nonlinear,OOD,SUSTAINABLE,EVALUATED,True,False,0,151,False,False,False,results_phase_i/I6/VALIDATION_CYCLES.parquet
I6-A-025,dcsv_mpc,A_full_nonlinear,known,SUSTAINABLE,EVALUATED,True,False,0,151,False,False,False,results_phase_i/I6/VALIDATION_CYCLES.parquet
I6-A-025,fixed_allocation_pi,A_full_nonlinear,known,SUSTAINABLE,EVALUATED,True,False,0,151,False,False,False,results_phase_i/I6/VALIDATION_CYCLES.parquet
I6-A-026,dcsv_mpc,A_full_nonlinear,known,SUSTAINABLE,EVALUATED,True,False,0,151,False,False,False,results_phase_i/I6/VALIDATION_CYCLES.parquet
I6-A-026,fixed_allocation_pi,A_full_nonlinear,known,SUSTAINABLE,EVALUATED,True,False,0,151,False,False,False,results_phase_i/I6/VALIDATION_CYCLES.parquet
I6-A-027,dcsv_mpc,A_full_nonlinear,known,BRIDGE,EVALUATED,True,False,0,151,False,False,False,results_phase_i/I6/VALIDATION_CYCLES.parquet
I6-A-027,fixed_allocation_pi,A_full_nonlinear,known,BRIDGE,EVALUATED,True,False,0,150,False,False,False,results_phase_i/I6/VALIDATION_CYCLES.parquet
I6-A-028,dcsv_mpc,A_full_nonlinear,known,BRIDGE,EVALUATED,True,False,0,151,False,False,False,results_phase_i/I6/VALIDATION_CYCLES.parquet
I6-A-028,fixed_allocation_pi,A_full_nonlinear,known,BRIDGE,EVALUATED,True,False,0,151,False,False,False,results_phase_i/I6/VALIDATION_CYCLES.parquet
I6-A-029,dcsv_mpc,A_full_nonlinear,known,SUSTAINABLE,EVALUATED,True,False,0,151,False,False,False,results_phase_i/I6/VALIDATION_CYCLES.parquet
I6-A-029,fixed_allocation_pi,A_full_nonlinear,known,SUSTAINABLE,EVALUATED,True,False,0,151,False,False,False,results_phase_i/I6/VALIDATION_CYCLES.parquet
I6-A-030,dcsv_mpc,A_full_nonlinear,OOD,SUSTAINABLE,EVALUATED,True,False,0,75,False,False,False,results_phase_i/I6/VALIDATION_CYCLES.parquet
I6-A-030,fixed_allocation_pi,A_full_nonlinear,OOD,SUSTAINABLE,EVALUATED,True,False,0,75,False,False,False,results_phase_i/I6/VALIDATION_CYCLES.parquet
I6-A-031,dcsv_mpc,A_full_nonlinear,OOD,BRIDGE,EVALUATED,True,False,0,76,False,False,False,results_phase_i/I6/VALIDATION_CYCLES.parquet
I6-A-031,fixed_allocation_pi,A_full_nonlinear,OOD,BRIDGE,EVALUATED,True,False,0,76,False,False,False,results_phase_i/I6/VALIDATION_CYCLES.parquet
I6-A-032,dcsv_mpc,A_full_nonlinear,OOD,PHYSICALLY_INFEASIBLE,PHYSICALLY_INFEASIBLE_CERTIFIED,False,False,0,76,False,False,True,results_phase_i/I6/VALIDATION_CYCLES.parquet
I6-A-032,fixed_allocation_pi,A_full_nonlinear,OOD,PHYSICALLY_INFEASIBLE,PHYSICALLY_INFEASIBLE_CERTIFIED,False,False,0,76,False,False,True,results_phase_i/I6/VALIDATION_CYCLES.parquet
I6-A-033,dcsv_mpc,A_full_nonlinear,known,PHYSICALLY_INFEASIBLE,PHYSICALLY_INFEASIBLE_CERTIFIED,False,False,0,75,False,False,True,results_phase_i/I6/VALIDATION_CYCLES.parquet
I6-A-033,fixed_allocation_pi,A_full_nonlinear,known,PHYSICALLY_INFEASIBLE,PHYSICALLY_INFEASIBLE_CERTIFIED,False,False,0,76,False,False,True,results_phase_i/I6/VALIDATION_CYCLES.parquet
I6-A-034,dcsv_mpc,A_full_nonlinear,known,SUSTAINABLE,EVALUATED,True,False,0,75,False,False,False,results_phase_i/I6/VALIDATION_CYCLES.parquet
I6-A-034,fixed_allocation_pi,A_full_nonlinear,known,SUSTAINABLE,EVALUATED,True,False,0,75,False,False,False,results_phase_i/I6/VALIDATION_CYCLES.parquet
I6-A-035,dcsv_mpc,A_full_nonlinear,OOD,BRIDGE,EVALUATED,True,False,0,76,False,False,False,results_phase_i/I6/VALIDATION_CYCLES.parquet
I6-A-035,fixed_allocation_pi,A_full_nonlinear,OOD,BRIDGE,EVALUATED,True,False,0,75,False,False,False,results_phase_i/I6/VALIDATION_CYCLES.parquet
I6-A-036,dcsv_mpc,A_full_nonlinear,known,BRIDGE,EVALUATED,True,False,0,76,False,False,False,results_phase_i/I6/VALIDATION_CYCLES.parquet
I6-A-036,fixed_allocation_pi,A_full_nonlinear,known,BRIDGE,EVALUATED,True,False,0,76,False,False,False,results_phase_i/I6/VALIDATION_CYCLES.parquet
I6-A-037,dcsv_mpc,A_full_nonlinear,OOD,SUSTAINABLE,EVALUATED,True,False,0,76,False,False,False,results_phase_i/I6/VALIDATION_CYCLES.parquet
I6-A-037,fixed_allocation_pi,A_full_nonlinear,OOD,SUSTAINABLE,EVALUATED,True,False,0,76,False,False,False,results_phase_i/I6/VALIDATION_CYCLES.parquet
I6-A-038,dcsv_mpc,A_full_nonlinear,known,SUSTAINABLE,EVALUATED,True,False,0,76,False,False,False,results_phase_i/I6/VALIDATION_CYCLES.parquet
I6-A-038,fixed_allocation_pi,A_full_nonlinear,known,SUSTAINABLE,EVALUATED,True,False,0,75,False,False,False,results_phase_i/I6/VALIDATION_CYCLES.parquet
I6-A-039,dcsv_mpc,A_full_nonlinear,known,SUSTAINABLE,EVALUATED,True,False,0,76,False,False,False,results_phase_i/I6/VALIDATION_CYCLES.parquet
I6-A-039,fixed_allocation_pi,A_full_nonlinear,known,SUSTAINABLE,EVALUATED,True,False,0,76,False,False,False,results_phase_i/I6/VALIDATION_CYCLES.parquet
I6-A-040,dcsv_mpc,A_full_nonlinear,OOD,SUSTAINABLE,EVALUATED,True,False,0,151,False,False,False,results_phase_i/I6/VALIDATION_CYCLES.parquet
I6-A-040,fixed_allocation_pi,A_full_nonlinear,OOD,SUSTAINABLE,EVALUATED,True,False,0,151,False,False,False,results_phase_i/I6/VALIDATION_CYCLES.parquet
I6-A-041,dcsv_mpc,A_full_nonlinear,known,SUSTAINABLE,EVALUATED,True,False,0,150,False,False,False,results_phase_i/I6/VALIDATION_CYCLES.parquet
I6-A-041,fixed_allocation_pi,A_full_nonlinear,known,SUSTAINABLE,EVALUATED,True,False,0,151,False,False,False,results_phase_i/I6/VALIDATION_CYCLES.parquet
I6-A-042,dcsv_mpc,A_full_nonlinear,known,SUSTAINABLE,EVALUATED,True,False,0,151,False,False,False,results_phase_i/I6/VALIDATION_CYCLES.parquet
I6-A-042,fixed_allocation_pi,A_full_nonlinear,known,SUSTAINABLE,EVALUATED,True,False,0,150,False,False,False,results_phase_i/I6/VALIDATION_CYCLES.parquet
I6-A-043,dcsv_mpc,A_full_nonlinear,OOD,SUSTAINABLE,EVALUATED,True,False,0,150,False,False,False,results_phase_i/I6/VALIDATION_CYCLES.parquet
I6-A-043,fixed_allocation_pi,A_full_nonlinear,OOD,SUSTAINABLE,EVALUATED,True,False,0,151,False,False,False,results_phase_i/I6/VALIDATION_CYCLES.parquet
I6-A-044,dcsv_mpc,A_full_nonlinear,OOD,PHYSICALLY_INFEASIBLE,PHYSICALLY_INFEASIBLE_CERTIFIED,False,False,0,150,False,False,True,results_phase_i/I6/VALIDATION_CYCLES.parquet
I6-A-044,fixed_allocation_pi,A_full_nonlinear,OOD,PHYSICALLY_INFEASIBLE,PHYSICALLY_INFEASIBLE_CERTIFIED,False,False,0,151,False,False,True,results_phase_i/I6/VALIDATION_CYCLES.parquet
I6-A-045,dcsv_mpc,A_full_nonlinear,OOD,BRIDGE,EVALUATED,False,False,0,151,False,True,False,results_phase_i/I6/VALIDATION_CYCLES.parquet
I6-A-045,fixed_allocation_pi,A_full_nonlinear,OOD,BRIDGE,EVALUATED,False,False,0,151,False,True,False,results_phase_i/I6/VALIDATION_CYCLES.parquet
I6-A-046,dcsv_mpc,A_full_nonlinear,known,PHYSICALLY_INFEASIBLE,PHYSICALLY_INFEASIBLE_CERTIFIED,False,False,0,151,False,False,True,results_phase_i/I6/VALIDATION_CYCLES.parquet
I6-A-046,fixed_allocation_pi,A_full_nonlinear,known,PHYSICALLY_INFEASIBLE,PHYSICALLY_INFEASIBLE_CERTIFIED,False,False,0,151,False,False,True,results_phase_i/I6/VALIDATION_CYCLES.parquet
I6-A-047,dcsv_mpc,A_full_nonlinear,known,SUSTAINABLE,EVALUATED,True,False,0,150,False,False,False,results_phase_i/I6/VALIDATION_CYCLES.parquet
I6-A-047,fixed_allocation_pi,A_full_nonlinear,known,SUSTAINABLE,EVALUATED,True,False,0,151,False,False,False,results_phase_i/I6/VALIDATION_CYCLES.parquet
I6-A-048,dcsv_mpc,A_full_nonlinear,OOD,BRIDGE,EVALUATED,False,False,0,151,False,True,False,results_phase_i/I6/VALIDATION_CYCLES.parquet
I6-A-048,fixed_allocation_pi,A_full_nonlinear,OOD,BRIDGE,EVALUATED,False,False,0,151,False,True,False,results_phase_i/I6/VALIDATION_CYCLES.parquet
I6-A-049,dcsv_mpc,A_full_nonlinear,known,BRIDGE,EVALUATED,True,False,0,151,False,False,False,results_phase_i/I6/VALIDATION_CYCLES.parquet
I6-A-049,fixed_allocation_pi,A_full_nonlinear,known,BRIDGE,EVALUATED,True,False,0,151,False,False,False,results_phase_i/I6/VALIDATION_CYCLES.parquet
I6-A-050,dcsv_mpc,A_full_nonlinear,known,BRIDGE,EVALUATED,True,False,0,76,False,False,False,results_phase_i/I6/VALIDATION_CYCLES.parquet
I6-A-050,fixed_allocation_pi,A_full_nonlinear,known,BRIDGE,EVALUATED,True,False,0,76,False,False,False,results_phase_i/I6/VALIDATION_CYCLES.parquet
I6-A-051,dcsv_mpc,A_full_nonlinear,OOD,BRIDGE,EVALUATED,True,False,0,76,False,False,False,results_phase_i/I6/VALIDATION_CYCLES.parquet
I6-A-051,fixed_allocation_pi,A_full_nonlinear,OOD,BRIDGE,EVALUATED,True,False,0,75,False,False,False,results_phase_i/I6/VALIDATION_CYCLES.parquet
I6-A-052,dcsv_mpc,A_full_nonlinear,OOD,SUSTAINABLE,EVALUATED,True,False,0,76,False,False,False,results_phase_i/I6/VALIDATION_CYCLES.parquet
I6-A-052,fixed_allocation_pi,A_full_nonlinear,OOD,SUSTAINABLE,EVALUATED,True,False,0,76,False,False,False,results_phase_i/I6/VALIDATION_CYCLES.parquet
I6-A-053,dcsv_mpc,A_full_nonlinear,OOD,PHYSICALLY_INFEASIBLE,PHYSICALLY_INFEASIBLE_CERTIFIED,False,False,0,75,False,False,True,results_phase_i/I6/VALIDATION_CYCLES.parquet
I6-A-053,fixed_allocation_pi,A_full_nonlinear,OOD,PHYSICALLY_INFEASIBLE,PHYSICALLY_INFEASIBLE_CERTIFIED,False,False,0,76,False,False,True,results_phase_i/I6/VALIDATION_CYCLES.parquet
I6-A-054,dcsv_mpc,A_full_nonlinear,known,SUSTAINABLE,EVALUATED,True,False,0,75,False,False,False,results_phase_i/I6/VALIDATION_CYCLES.parquet
I6-A-054,fixed_allocation_pi,A_full_nonlinear,known,SUSTAINABLE,EVALUATED,True,False,0,75,False,False,False,results_phase_i/I6/VALIDATION_CYCLES.parquet
I6-A-055,dcsv_mpc,A_full_nonlinear,known,SUSTAINABLE,EVALUATED,True,False,0,76,False,False,False,results_phase_i/I6/VALIDATION_CYCLES.parquet
I6-A-055,fixed_allocation_pi,A_full_nonlinear,known,SUSTAINABLE,EVALUATED,True,False,0,76,False,False,False,results_phase_i/I6/VALIDATION_CYCLES.parquet
I6-A-056,dcsv_mpc,A_full_nonlinear,OOD,SUSTAINABLE,EVALUATED,True,False,0,76,False,False,False,results_phase_i/I6/VALIDATION_CYCLES.parquet
I6-A-056,fixed_allocation_pi,A_full_nonlinear,OOD,SUSTAINABLE,EVALUATED,True,False,0,76,False,False,False,results_phase_i/I6/VALIDATION_CYCLES.parquet
I6-A-057,dcsv_mpc,A_full_nonlinear,OOD,PHYSICALLY_INFEASIBLE,PHYSICALLY_INFEASIBLE_CERTIFIED,False,False,0,75,False,False,True,results_phase_i/I6/VALIDATION_CYCLES.parquet
I6-A-057,fixed_allocation_pi,A_full_nonlinear,OOD,PHYSICALLY_INFEASIBLE,PHYSICALLY_INFEASIBLE_CERTIFIED,False,False,0,76,False,False,True,results_phase_i/I6/VALIDATION_CYCLES.parquet
I6-A-058,dcsv_mpc,A_full_nonlinear,known,BRIDGE,EVALUATED,True,False,0,76,False,False,False,results_phase_i/I6/VALIDATION_CYCLES.parquet
I6-A-058,fixed_allocation_pi,A_full_nonlinear,known,BRIDGE,EVALUATED,True,False,0,76,False,False,False,results_phase_i/I6/VALIDATION_CYCLES.parquet
I6-A-059,dcsv_mpc,A_full_nonlinear,known,SUSTAINABLE,EVALUATED,True,False,0,76,False,False,False,results_phase_i/I6/VALIDATION_CYCLES.parquet
I6-A-059,fixed_allocation_pi,A_full_nonlinear,known,SUSTAINABLE,EVALUATED,True,False,0,76,False,False,False,results_phase_i/I6/VALIDATION_CYCLES.parquet
I6-A-060,dcsv_mpc,A_full_nonlinear,known,PHYSICALLY_INFEASIBLE,PHYSICALLY_INFEASIBLE_CERTIFIED,False,False,1,151,False,False,True,results_phase_i/I6/VALIDATION_CYCLES.parquet
I6-A-060,fixed_allocation_pi,A_full_nonlinear,known,PHYSICALLY_INFEASIBLE,PHYSICALLY_INFEASIBLE_CERTIFIED,False,False,0,151,False,False,True,results_phase_i/I6/VALIDATION_CYCLES.parquet
I6-A-061,dcsv_mpc,A_full_nonlinear,OOD,BRIDGE,EVALUATED,True,False,0,150,False,False,False,results_phase_i/I6/VALIDATION_CYCLES.parquet
I6-A-061,fixed_allocation_pi,A_full_nonlinear,OOD,BRIDGE,EVALUATED,True,False,0,150,False,False,False,results_phase_i/I6/VALIDATION_CYCLES.parquet
I6-A-062,dcsv_mpc,A_full_nonlinear,OOD,SUSTAINABLE,EVALUATED,True,False,0,151,False,False,False,results_phase_i/I6/VALIDATION_CYCLES.parquet
I6-A-062,fixed_allocation_pi,A_full_nonlinear,OOD,SUSTAINABLE,EVALUATED,True,False,0,150,False,False,False,results_phase_i/I6/VALIDATION_CYCLES.parquet
I6-A-063,dcsv_mpc,A_full_nonlinear,OOD,SUSTAINABLE,EVALUATED,True,False,0,150,False,False,False,results_phase_i/I6/VALIDATION_CYCLES.parquet
I6-A-063,fixed_allocation_pi,A_full_nonlinear,OOD,SUSTAINABLE,EVALUATED,True,False,0,151,False,False,False,results_phase_i/I6/VALIDATION_CYCLES.parquet
I6-A-064,dcsv_mpc,A_full_nonlinear,OOD,BRIDGE,EVALUATED,True,False,0,151,False,False,False,results_phase_i/I6/VALIDATION_CYCLES.parquet
I6-A-064,fixed_allocation_pi,A_full_nonlinear,OOD,BRIDGE,EVALUATED,True,False,0,151,False,False,False,results_phase_i/I6/VALIDATION_CYCLES.parquet
I6-A-065,dcsv_mpc,A_full_nonlinear,OOD,SUSTAINABLE,EVALUATED,True,False,0,150,False,False,False,results_phase_i/I6/VALIDATION_CYCLES.parquet
I6-A-065,fixed_allocation_pi,A_full_nonlinear,OOD,SUSTAINABLE,EVALUATED,True,False,0,150,False,False,False,results_phase_i/I6/VALIDATION_CYCLES.parquet
I6-A-066,dcsv_mpc,A_full_nonlinear,known,SUSTAINABLE,EVALUATED,True,False,0,151,False,False,False,results_phase_i/I6/VALIDATION_CYCLES.parquet
I6-A-066,fixed_allocation_pi,A_full_nonlinear,known,SUSTAINABLE,EVALUATED,True,False,0,151,False,False,False,results_phase_i/I6/VALIDATION_CYCLES.parquet
I6-A-067,dcsv_mpc,A_full_nonlinear,known,PHYSICALLY_INFEASIBLE,PHYSICALLY_INFEASIBLE_CERTIFIED,False,False,0,151,False,False,True,results_phase_i/I6/VALIDATION_CYCLES.parquet
I6-A-067,fixed_allocation_pi,A_full_nonlinear,known,PHYSICALLY_INFEASIBLE,PHYSICALLY_INFEASIBLE_CERTIFIED,False,False,0,150,False,False,True,results_phase_i/I6/VALIDATION_CYCLES.parquet
I6-A-068,dcsv_mpc,A_full_nonlinear,known,BRIDGE,EVALUATED,True,False,0,150,False,False,False,results_phase_i/I6/VALIDATION_CYCLES.parquet
I6-A-068,fixed_allocation_pi,A_full_nonlinear,known,BRIDGE,EVALUATED,True,False,0,151,False,False,False,results_phase_i/I6/VALIDATION_CYCLES.parquet
I6-A-069,dcsv_mpc,A_full_nonlinear,known,SUSTAINABLE,EVALUATED,True,False,0,151,False,False,False,results_phase_i/I6/VALIDATION_CYCLES.parquet
I6-A-069,fixed_allocation_pi,A_full_nonlinear,known,SUSTAINABLE,EVALUATED,True,False,0,151,False,False,False,results_phase_i/I6/VALIDATION_CYCLES.parquet
I6-A-070,dcsv_mpc,A_full_nonlinear,known,SUSTAINABLE,EVALUATED,True,False,0,75,False,False,False,results_phase_i/I6/VALIDATION_CYCLES.parquet
I6-A-070,fixed_allocation_pi,A_full_nonlinear,known,SUSTAINABLE,EVALUATED,True,False,0,75,False,False,False,results_phase_i/I6/VALIDATION_CYCLES.parquet
I6-A-071,dcsv_mpc,A_full_nonlinear,OOD,BRIDGE,EVALUATED,True,False,0,76,False,False,False,results_phase_i/I6/VALIDATION_CYCLES.parquet
I6-A-071,fixed_allocation_pi,A_full_nonlinear,OOD,BRIDGE,EVALUATED,True,False,0,75,False,False,False,results_phase_i/I6/VALIDATION_CYCLES.parquet
I6-A-072,dcsv_mpc,A_full_nonlinear,OOD,SUSTAINABLE,EVALUATED,True,False,0,76,False,False,False,results_phase_i/I6/VALIDATION_CYCLES.parquet
I6-A-072,fixed_allocation_pi,A_full_nonlinear,OOD,SUSTAINABLE,EVALUATED,True,False,0,75,False,False,False,results_phase_i/I6/VALIDATION_CYCLES.parquet
I6-A-073,dcsv_mpc,A_full_nonlinear,known,SUSTAINABLE,EVALUATED,True,False,0,75,False,False,False,results_phase_i/I6/VALIDATION_CYCLES.parquet
I6-A-073,fixed_allocation_pi,A_full_nonlinear,known,SUSTAINABLE,EVALUATED,True,False,0,76,False,False,False,results_phase_i/I6/VALIDATION_CYCLES.parquet
I6-A-074,dcsv_mpc,A_full_nonlinear,known,SUSTAINABLE,EVALUATED,True,False,0,76,False,False,False,results_phase_i/I6/VALIDATION_CYCLES.parquet
I6-A-074,fixed_allocation_pi,A_full_nonlinear,known,SUSTAINABLE,EVALUATED,True,False,0,76,False,False,False,results_phase_i/I6/VALIDATION_CYCLES.parquet
I6-A-075,dcsv_mpc,A_full_nonlinear,OOD,PHYSICALLY_INFEASIBLE,PHYSICALLY_INFEASIBLE_CERTIFIED,False,False,0,76,False,False,True,results_phase_i/I6/VALIDATION_CYCLES.parquet
I6-A-075,fixed_allocation_pi,A_full_nonlinear,OOD,PHYSICALLY_INFEASIBLE,PHYSICALLY_INFEASIBLE_CERTIFIED,False,False,0,75,False,False,True,results_phase_i/I6/VALIDATION_CYCLES.parquet
I6-A-076,dcsv_mpc,A_full_nonlinear,known,SUSTAINABLE,EVALUATED,True,False,0,76,False,False,False,results_phase_i/I6/VALIDATION_CYCLES.parquet
I6-A-076,fixed_allocation_pi,A_full_nonlinear,known,SUSTAINABLE,EVALUATED,True,False,0,76,False,False,False,results_phase_i/I6/VALIDATION_CYCLES.parquet
I6-A-077,dcsv_mpc,A_full_nonlinear,OOD,PHYSICALLY_INFEASIBLE,PHYSICALLY_INFEASIBLE_CERTIFIED,False,False,0,75,False,False,True,results_phase_i/I6/VALIDATION_CYCLES.parquet
I6-A-077,fixed_allocation_pi,A_full_nonlinear,OOD,PHYSICALLY_INFEASIBLE,PHYSICALLY_INFEASIBLE_CERTIFIED,False,False,0,76,False,False,True,results_phase_i/I6/VALIDATION_CYCLES.parquet
I6-A-078,dcsv_mpc,A_full_nonlinear,OOD,BRIDGE,EVALUATED,True,False,0,75,False,False,False,results_phase_i/I6/VALIDATION_CYCLES.parquet
I6-A-078,fixed_allocation_pi,A_full_nonlinear,OOD,BRIDGE,EVALUATED,True,False,0,76,False,False,False,results_phase_i/I6/VALIDATION_CYCLES.parquet
I6-A-079,dcsv_mpc,A_full_nonlinear,known,BRIDGE,EVALUATED,True,False,0,76,False,False,False,results_phase_i/I6/VALIDATION_CYCLES.parquet
I6-A-079,fixed_allocation_pi,A_full_nonlinear,known,BRIDGE,EVALUATED,True,False,0,76,False,False,False,results_phase_i/I6/VALIDATION_CYCLES.parquet
I6-A-080,dcsv_mpc,A_full_nonlinear,OOD,BRIDGE,EVALUATED,True,False,0,151,False,False,False,results_phase_i/I6/VALIDATION_CYCLES.parquet
I6-A-080,fixed_allocation_pi,A_full_nonlinear,OOD,BRIDGE,EVALUATED,False,False,0,150,False,True,False,results_phase_i/I6/VALIDATION_CYCLES.parquet
I6-A-081,dcsv_mpc,A_full_nonlinear,known,BRIDGE,EVALUATED,False,False,49,150,False,True,False,results_phase_i/I6/VALIDATION_CYCLES.parquet
I6-A-081,fixed_allocation_pi,A_full_nonlinear,known,BRIDGE,EVALUATED,False,False,0,151,False,True,False,results_phase_i/I6/VALIDATION_CYCLES.parquet
I6-A-082,dcsv_mpc,A_full_nonlinear,OOD,SUSTAINABLE,EVALUATED,True,False,0,151,False,False,False,results_phase_i/I6/VALIDATION_CYCLES.parquet
I6-A-082,fixed_allocation_pi,A_full_nonlinear,OOD,SUSTAINABLE,EVALUATED,False,False,0,151,False,True,False,results_phase_i/I6/VALIDATION_CYCLES.parquet
I6-A-083,dcsv_mpc,A_full_nonlinear,OOD,SUSTAINABLE,EVALUATED,True,False,0,150,False,False,False,results_phase_i/I6/VALIDATION_CYCLES.parquet
I6-A-083,fixed_allocation_pi,A_full_nonlinear,OOD,SUSTAINABLE,EVALUATED,False,False,0,151,False,True,False,results_phase_i/I6/VALIDATION_CYCLES.parquet
I6-A-084,dcsv_mpc,A_full_nonlinear,known,BRIDGE,EVALUATED,False,False,48,151,False,True,False,results_phase_i/I6/VALIDATION_CYCLES.parquet
I6-A-084,fixed_allocation_pi,A_full_nonlinear,known,BRIDGE,EVALUATED,False,False,0,151,False,True,False,results_phase_i/I6/VALIDATION_CYCLES.parquet
I6-A-085,dcsv_mpc,A_full_nonlinear,known,SUSTAINABLE,EVALUATED,False,False,36,150,False,True,False,results_phase_i/I6/VALIDATION_CYCLES.parquet
I6-A-085,fixed_allocation_pi,A_full_nonlinear,known,SUSTAINABLE,EVALUATED,False,False,0,150,False,True,False,results_phase_i/I6/VALIDATION_CYCLES.parquet
I6-A-086,dcsv_mpc,A_full_nonlinear,known,PHYSICALLY_INFEASIBLE,PHYSICALLY_INFEASIBLE_CERTIFIED,False,False,0,151,False,False,True,results_phase_i/I6/VALIDATION_CYCLES.parquet
I6-A-086,fixed_allocation_pi,A_full_nonlinear,known,PHYSICALLY_INFEASIBLE,PHYSICALLY_INFEASIBLE_CERTIFIED,False,False,0,151,False,False,True,results_phase_i/I6/VALIDATION_CYCLES.parquet
I6-A-087,dcsv_mpc,A_full_nonlinear,OOD,SUSTAINABLE,EVALUATED,False,False,44,151,False,True,False,results_phase_i/I6/VALIDATION_CYCLES.parquet
I6-A-087,fixed_allocation_pi,A_full_nonlinear,OOD,SUSTAINABLE,EVALUATED,False,False,0,150,False,True,False,results_phase_i/I6/VALIDATION_CYCLES.parquet
I6-A-088,dcsv_mpc,A_full_nonlinear,known,SUSTAINABLE,EVALUATED,False,False,27,151,False,True,False,results_phase_i/I6/VALIDATION_CYCLES.parquet
I6-A-088,fixed_allocation_pi,A_full_nonlinear,known,SUSTAINABLE,EVALUATED,False,False,0,151,False,True,False,results_phase_i/I6/VALIDATION_CYCLES.parquet
I6-A-089,dcsv_mpc,A_full_nonlinear,OOD,PHYSICALLY_INFEASIBLE,PHYSICALLY_INFEASIBLE_CERTIFIED,False,False,84,151,False,False,True,results_phase_i/I6/VALIDATION_CYCLES.parquet
I6-A-089,fixed_allocation_pi,A_full_nonlinear,OOD,PHYSICALLY_INFEASIBLE,PHYSICALLY_INFEASIBLE_CERTIFIED,False,False,0,151,False,False,True,results_phase_i/I6/VALIDATION_CYCLES.parquet
I6-A-090,dcsv_mpc,A_full_nonlinear,known,PHYSICALLY_INFEASIBLE,PHYSICALLY_INFEASIBLE_CERTIFIED,False,False,2,75,False,False,True,results_phase_i/I6/VALIDATION_CYCLES.parquet
I6-A-090,fixed_allocation_pi,A_full_nonlinear,known,PHYSICALLY_INFEASIBLE,PHYSICALLY_INFEASIBLE_CERTIFIED,False,False,0,75,False,False,True,results_phase_i/I6/VALIDATION_CYCLES.parquet
I6-A-091,dcsv_mpc,A_full_nonlinear,OOD,SUSTAINABLE,EVALUATED,False,False,0,76,False,True,False,results_phase_i/I6/VALIDATION_CYCLES.parquet
I6-A-091,fixed_allocation_pi,A_full_nonlinear,OOD,SUSTAINABLE,EVALUATED,False,False,0,76,False,True,False,results_phase_i/I6/VALIDATION_CYCLES.parquet
I6-A-092,dcsv_mpc,A_full_nonlinear,known,SUSTAINABLE,EVALUATED,False,False,0,76,False,True,False,results_phase_i/I6/VALIDATION_CYCLES.parquet
I6-A-092,fixed_allocation_pi,A_full_nonlinear,known,SUSTAINABLE,EVALUATED,False,False,0,75,False,True,False,results_phase_i/I6/VALIDATION_CYCLES.parquet
I6-A-093,dcsv_mpc,A_full_nonlinear,known,BRIDGE,EVALUATED,False,False,0,75,False,True,False,results_phase_i/I6/VALIDATION_CYCLES.parquet
I6-A-093,fixed_allocation_pi,A_full_nonlinear,known,BRIDGE,EVALUATED,False,False,0,76,False,True,False,results_phase_i/I6/VALIDATION_CYCLES.parquet
I6-A-094,dcsv_mpc,A_full_nonlinear,OOD,SUSTAINABLE,EVALUATED,False,False,0,75,False,True,False,results_phase_i/I6/VALIDATION_CYCLES.parquet
I6-A-094,fixed_allocation_pi,A_full_nonlinear,OOD,SUSTAINABLE,EVALUATED,False,False,0,75,False,True,False,results_phase_i/I6/VALIDATION_CYCLES.parquet
I6-A-095,dcsv_mpc,A_full_nonlinear,OOD,SUSTAINABLE,EVALUATED,True,False,0,76,False,False,False,results_phase_i/I6/VALIDATION_CYCLES.parquet
I6-A-095,fixed_allocation_pi,A_full_nonlinear,OOD,SUSTAINABLE,EVALUATED,False,False,0,75,False,True,False,results_phase_i/I6/VALIDATION_CYCLES.parquet
I6-A-096,dcsv_mpc,A_full_nonlinear,known,BRIDGE,EVALUATED,False,False,0,76,False,True,False,results_phase_i/I6/VALIDATION_CYCLES.parquet
I6-A-096,fixed_allocation_pi,A_full_nonlinear,known,BRIDGE,EVALUATED,False,False,0,76,False,True,False,results_phase_i/I6/VALIDATION_CYCLES.parquet
I6-A-097,dcsv_mpc,A_full_nonlinear,known,SUSTAINABLE,EVALUATED,False,False,0,76,False,True,False,results_phase_i/I6/VALIDATION_CYCLES.parquet
I6-A-097,fixed_allocation_pi,A_full_nonlinear,known,SUSTAINABLE,EVALUATED,True,False,0,76,False,False,False,results_phase_i/I6/VALIDATION_CYCLES.parquet
I6-A-098,dcsv_mpc,A_full_nonlinear,OOD,PHYSICALLY_INFEASIBLE,PHYSICALLY_INFEASIBLE_CERTIFIED,False,False,42,75,False,False,True,results_phase_i/I6/VALIDATION_CYCLES.parquet
I6-A-098,fixed_allocation_pi,A_full_nonlinear,OOD,PHYSICALLY_INFEASIBLE,PHYSICALLY_INFEASIBLE_CERTIFIED,False,False,0,76,False,False,True,results_phase_i/I6/VALIDATION_CYCLES.parquet
I6-A-099,dcsv_mpc,A_full_nonlinear,OOD,BRIDGE,EVALUATED,False,False,0,76,False,True,False,results_phase_i/I6/VALIDATION_CYCLES.parquet
I6-A-099,fixed_allocation_pi,A_full_nonlinear,OOD,BRIDGE,EVALUATED,False,False,0,76,False,True,False,results_phase_i/I6/VALIDATION_CYCLES.parquet
I6-A-100,dcsv_mpc,A_full_nonlinear,OOD,PHYSICALLY_INFEASIBLE,PHYSICALLY_INFEASIBLE_CERTIFIED,False,False,1,151,False,False,True,results_phase_i/I6/VALIDATION_CYCLES.parquet
I6-A-100,fixed_allocation_pi,A_full_nonlinear,OOD,PHYSICALLY_INFEASIBLE,PHYSICALLY_INFEASIBLE_CERTIFIED,False,False,0,151,False,False,True,results_phase_i/I6/VALIDATION_CYCLES.parquet
I6-A-101,dcsv_mpc,A_full_nonlinear,OOD,SUSTAINABLE,EVALUATED,True,False,0,150,False,False,False,results_phase_i/I6/VALIDATION_CYCLES.parquet
I6-A-101,fixed_allocation_pi,A_full_nonlinear,OOD,SUSTAINABLE,EVALUATED,True,False,0,151,False,False,False,results_phase_i/I6/VALIDATION_CYCLES.parquet
I6-A-102,dcsv_mpc,A_full_nonlinear,OOD,SUSTAINABLE,EVALUATED,False,False,55,150,False,True,False,results_phase_i/I6/VALIDATION_CYCLES.parquet
I6-A-102,fixed_allocation_pi,A_full_nonlinear,OOD,SUSTAINABLE,EVALUATED,False,False,0,151,False,True,False,results_phase_i/I6/VALIDATION_CYCLES.parquet
I6-A-103,dcsv_mpc,A_full_nonlinear,OOD,SUSTAINABLE,EVALUATED,True,False,0,150,False,False,False,results_phase_i/I6/VALIDATION_CYCLES.parquet
I6-A-103,fixed_allocation_pi,A_full_nonlinear,OOD,SUSTAINABLE,EVALUATED,False,False,0,151,False,True,False,results_phase_i/I6/VALIDATION_CYCLES.parquet
I6-A-104,dcsv_mpc,A_full_nonlinear,known,BRIDGE,EVALUATED,False,False,59,151,False,True,False,results_phase_i/I6/VALIDATION_CYCLES.parquet
I6-A-104,fixed_allocation_pi,A_full_nonlinear,known,BRIDGE,EVALUATED,False,False,0,151,False,True,False,results_phase_i/I6/VALIDATION_CYCLES.parquet
I6-A-105,dcsv_mpc,A_full_nonlinear,OOD,SUSTAINABLE,EVALUATED,True,False,0,150,False,False,False,results_phase_i/I6/VALIDATION_CYCLES.parquet
I6-A-105,fixed_allocation_pi,A_full_nonlinear,OOD,SUSTAINABLE,EVALUATED,False,False,0,150,False,True,False,results_phase_i/I6/VALIDATION_CYCLES.parquet
I6-A-106,dcsv_mpc,A_full_nonlinear,known,BRIDGE,EVALUATED,False,False,72,151,False,True,False,results_phase_i/I6/VALIDATION_CYCLES.parquet
I6-A-106,fixed_allocation_pi,A_full_nonlinear,known,BRIDGE,EVALUATED,False,False,0,151,False,True,False,results_phase_i/I6/VALIDATION_CYCLES.parquet
I6-A-107,dcsv_mpc,A_full_nonlinear,known,SUSTAINABLE,EVALUATED,True,False,0,150,False,False,False,results_phase_i/I6/VALIDATION_CYCLES.parquet
I6-A-107,fixed_allocation_pi,A_full_nonlinear,known,SUSTAINABLE,EVALUATED,False,False,0,151,False,True,False,results_phase_i/I6/VALIDATION_CYCLES.parquet
I6-A-108,dcsv_mpc,A_full_nonlinear,known,BRIDGE,EVALUATED,False,False,79,150,False,True,False,results_phase_i/I6/VALIDATION_CYCLES.parquet
I6-A-108,fixed_allocation_pi,A_full_nonlinear,known,BRIDGE,EVALUATED,False,False,0,151,False,True,False,results_phase_i/I6/VALIDATION_CYCLES.parquet
I6-A-109,dcsv_mpc,A_full_nonlinear,known,PHYSICALLY_INFEASIBLE,PHYSICALLY_INFEASIBLE_CERTIFIED,False,False,10,150,False,False,True,results_phase_i/I6/VALIDATION_CYCLES.parquet
I6-A-109,fixed_allocation_pi,A_full_nonlinear,known,PHYSICALLY_INFEASIBLE,PHYSICALLY_INFEASIBLE_CERTIFIED,False,False,0,150,False,False,True,results_phase_i/I6/VALIDATION_CYCLES.parquet
I6-A-110,dcsv_mpc,A_full_nonlinear,known,PHYSICALLY_INFEASIBLE,PHYSICALLY_INFEASIBLE_CERTIFIED,False,False,8,76,False,False,True,results_phase_i/I6/VALIDATION_CYCLES.parquet
I6-A-110,fixed_allocation_pi,A_full_nonlinear,known,PHYSICALLY_INFEASIBLE,PHYSICALLY_INFEASIBLE_CERTIFIED,False,False,0,76,False,False,True,results_phase_i/I6/VALIDATION_CYCLES.parquet
I6-A-111,dcsv_mpc,A_full_nonlinear,known,SUSTAINABLE,EVALUATED,True,False,0,76,False,False,False,results_phase_i/I6/VALIDATION_CYCLES.parquet
I6-A-111,fixed_allocation_pi,A_full_nonlinear,known,SUSTAINABLE,EVALUATED,True,False,0,76,False,False,False,results_phase_i/I6/VALIDATION_CYCLES.parquet
I6-A-112,dcsv_mpc,A_full_nonlinear,known,SUSTAINABLE,EVALUATED,False,False,0,75,False,True,False,results_phase_i/I6/VALIDATION_CYCLES.parquet
I6-A-112,fixed_allocation_pi,A_full_nonlinear,known,SUSTAINABLE,EVALUATED,False,False,0,75,False,True,False,results_phase_i/I6/VALIDATION_CYCLES.parquet
I6-A-113,dcsv_mpc,A_full_nonlinear,OOD,BRIDGE,EVALUATED,False,False,0,76,False,True,False,results_phase_i/I6/VALIDATION_CYCLES.parquet
I6-A-113,fixed_allocation_pi,A_full_nonlinear,OOD,BRIDGE,EVALUATED,False,False,0,76,False,True,False,results_phase_i/I6/VALIDATION_CYCLES.parquet
I6-A-114,dcsv_mpc,A_full_nonlinear,OOD,BRIDGE,EVALUATED,False,False,0,76,False,True,False,results_phase_i/I6/VALIDATION_CYCLES.parquet
I6-A-114,fixed_allocation_pi,A_full_nonlinear,OOD,BRIDGE,EVALUATED,False,False,0,76,False,True,False,results_phase_i/I6/VALIDATION_CYCLES.parquet
I6-A-115,dcsv_mpc,A_full_nonlinear,OOD,SUSTAINABLE,EVALUATED,True,False,0,76,False,False,False,results_phase_i/I6/VALIDATION_CYCLES.parquet
I6-A-115,fixed_allocation_pi,A_full_nonlinear,OOD,SUSTAINABLE,EVALUATED,True,False,0,75,False,False,False,results_phase_i/I6/VALIDATION_CYCLES.parquet
I6-A-116,dcsv_mpc,A_full_nonlinear,OOD,PHYSICALLY_INFEASIBLE,PHYSICALLY_INFEASIBLE_CERTIFIED,False,False,0,76,False,False,True,results_phase_i/I6/VALIDATION_CYCLES.parquet
I6-A-116,fixed_allocation_pi,A_full_nonlinear,OOD,PHYSICALLY_INFEASIBLE,PHYSICALLY_INFEASIBLE_CERTIFIED,False,False,0,76,False,False,True,results_phase_i/I6/VALIDATION_CYCLES.parquet
I6-A-117,dcsv_mpc,A_full_nonlinear,OOD,BRIDGE,EVALUATED,False,False,3,76,False,True,False,results_phase_i/I6/VALIDATION_CYCLES.parquet
I6-A-117,fixed_allocation_pi,A_full_nonlinear,OOD,BRIDGE,EVALUATED,False,False,0,76,False,True,False,results_phase_i/I6/VALIDATION_CYCLES.parquet
I6-A-118,dcsv_mpc,A_full_nonlinear,known,SUSTAINABLE,EVALUATED,False,False,0,76,False,True,False,results_phase_i/I6/VALIDATION_CYCLES.parquet
I6-A-118,fixed_allocation_pi,A_full_nonlinear,known,SUSTAINABLE,EVALUATED,False,False,0,76,False,True,False,results_phase_i/I6/VALIDATION_CYCLES.parquet
I6-A-119,dcsv_mpc,A_full_nonlinear,known,SUSTAINABLE,EVALUATED,False,False,1,76,False,True,False,results_phase_i/I6/VALIDATION_CYCLES.parquet
I6-A-119,fixed_allocation_pi,A_full_nonlinear,known,SUSTAINABLE,EVALUATED,False,False,0,76,False,True,False,results_phase_i/I6/VALIDATION_CYCLES.parquet
I6-B-000,dcsv_mpc,B_native_ANDES_Kundur,known,SUSTAINABLE,EVALUATED,True,False,0,15005,True,False,False,results_phase_i/I6/VALIDATION_CYCLES.parquet
I6-B-000,fixed_allocation_pi,B_native_ANDES_Kundur,known,SUSTAINABLE,EVALUATED,True,False,0,15005,True,False,False,results_phase_i/I6/VALIDATION_CYCLES.parquet
I6-B-001,dcsv_mpc,B_native_ANDES_Kundur,known,SUSTAINABLE,EVALUATED,True,False,0,15005,False,False,False,results_phase_i/I6/VALIDATION_CYCLES.parquet
I6-B-001,fixed_allocation_pi,B_native_ANDES_Kundur,known,SUSTAINABLE,EVALUATED,True,False,0,15005,False,False,False,results_phase_i/I6/VALIDATION_CYCLES.parquet
I6-B-002,dcsv_mpc,B_native_ANDES_Kundur,known,SUSTAINABLE,EVALUATED,True,False,0,15005,False,False,False,results_phase_i/I6/VALIDATION_CYCLES.parquet
I6-B-002,fixed_allocation_pi,B_native_ANDES_Kundur,known,SUSTAINABLE,EVALUATED,True,False,0,15005,False,False,False,results_phase_i/I6/VALIDATION_CYCLES.parquet
I6-B-003,dcsv_mpc,B_native_ANDES_Kundur,known,SUSTAINABLE,EVALUATED,True,False,0,15005,False,False,False,results_phase_i/I6/VALIDATION_CYCLES.parquet
I6-B-003,fixed_allocation_pi,B_native_ANDES_Kundur,known,SUSTAINABLE,EVALUATED,True,False,0,15005,False,False,False,results_phase_i/I6/VALIDATION_CYCLES.parquet
I6-B-004,dcsv_mpc,B_native_ANDES_Kundur,OOD,SUSTAINABLE,EVALUATED,True,False,0,15005,True,False,False,results_phase_i/I6/VALIDATION_CYCLES.parquet
I6-B-004,fixed_allocation_pi,B_native_ANDES_Kundur,OOD,SUSTAINABLE,EVALUATED,True,False,0,15005,True,False,False,results_phase_i/I6/VALIDATION_CYCLES.parquet
I6-B-005,dcsv_mpc,B_native_ANDES_Kundur,OOD,SUSTAINABLE,EVALUATED,True,False,0,15005,False,False,False,results_phase_i/I6/VALIDATION_CYCLES.parquet
I6-B-005,fixed_allocation_pi,B_native_ANDES_Kundur,OOD,SUSTAINABLE,EVALUATED,True,False,0,15005,False,False,False,results_phase_i/I6/VALIDATION_CYCLES.parquet
I6-B-006,dcsv_mpc,B_native_ANDES_Kundur,OOD,SUSTAINABLE,EVALUATED,True,False,0,15005,False,False,False,results_phase_i/I6/VALIDATION_CYCLES.parquet
I6-B-006,fixed_allocation_pi,B_native_ANDES_Kundur,OOD,SUSTAINABLE,EVALUATED,True,False,0,15005,False,False,False,results_phase_i/I6/VALIDATION_CYCLES.parquet
I6-B-007,dcsv_mpc,B_native_ANDES_Kundur,OOD,SUSTAINABLE,EVALUATED,True,False,0,15005,False,False,False,results_phase_i/I6/VALIDATION_CYCLES.parquet
I6-B-007,fixed_allocation_pi,B_native_ANDES_Kundur,OOD,SUSTAINABLE,EVALUATED,True,False,0,15005,False,False,False,results_phase_i/I6/VALIDATION_CYCLES.parquet
I6-B-008,dcsv_mpc,B_native_ANDES_Kundur,known,SUSTAINABLE,EVALUATED,True,False,0,15005,False,False,False,results_phase_i/I6/VALIDATION_CYCLES.parquet
I6-B-008,fixed_allocation_pi,B_native_ANDES_Kundur,known,SUSTAINABLE,EVALUATED,True,False,0,15005,False,False,False,results_phase_i/I6/VALIDATION_CYCLES.parquet
I6-B-009,dcsv_mpc,B_native_ANDES_Kundur,known,SUSTAINABLE,EVALUATED,True,False,0,15005,False,False,False,results_phase_i/I6/VALIDATION_CYCLES.parquet
I6-B-009,fixed_allocation_pi,B_native_ANDES_Kundur,known,SUSTAINABLE,EVALUATED,True,False,0,15005,False,False,False,results_phase_i/I6/VALIDATION_CYCLES.parquet
I6-B-010,dcsv_mpc,B_native_ANDES_Kundur,known,SUSTAINABLE,EVALUATED,True,False,0,15005,False,False,False,results_phase_i/I6/VALIDATION_CYCLES.parquet
I6-B-010,fixed_allocation_pi,B_native_ANDES_Kundur,known,SUSTAINABLE,EVALUATED,True,False,0,15005,False,False,False,results_phase_i/I6/VALIDATION_CYCLES.parquet
I6-B-011,dcsv_mpc,B_native_ANDES_Kundur,known,SUSTAINABLE,EVALUATED,True,False,0,15005,False,False,False,results_phase_i/I6/VALIDATION_CYCLES.parquet
I6-B-011,fixed_allocation_pi,B_native_ANDES_Kundur,known,SUSTAINABLE,EVALUATED,True,False,0,15005,False,False,False,results_phase_i/I6/VALIDATION_CYCLES.parquet
I6-B-012,dcsv_mpc,B_native_ANDES_Kundur,OOD,SUSTAINABLE,EVALUATED,True,False,0,15005,False,False,False,results_phase_i/I6/VALIDATION_CYCLES.parquet
I6-B-012,fixed_allocation_pi,B_native_ANDES_Kundur,OOD,SUSTAINABLE,EVALUATED,True,False,0,15005,False,False,False,results_phase_i/I6/VALIDATION_CYCLES.parquet
I6-B-013,dcsv_mpc,B_native_ANDES_Kundur,OOD,SUSTAINABLE,EVALUATED,True,False,0,15005,False,False,False,results_phase_i/I6/VALIDATION_CYCLES.parquet
I6-B-013,fixed_allocation_pi,B_native_ANDES_Kundur,OOD,SUSTAINABLE,EVALUATED,True,False,0,15005,False,False,False,results_phase_i/I6/VALIDATION_CYCLES.parquet
I6-B-014,dcsv_mpc,B_native_ANDES_Kundur,OOD,SUSTAINABLE,EVALUATED,True,False,0,15005,False,False,False,results_phase_i/I6/VALIDATION_CYCLES.parquet
I6-B-014,fixed_allocation_pi,B_native_ANDES_Kundur,OOD,SUSTAINABLE,EVALUATED,True,False,0,15005,False,False,False,results_phase_i/I6/VALIDATION_CYCLES.parquet
I6-B-015,dcsv_mpc,B_native_ANDES_Kundur,OOD,SUSTAINABLE,EVALUATED,True,False,0,15005,False,False,False,results_phase_i/I6/VALIDATION_CYCLES.parquet
I6-B-015,fixed_allocation_pi,B_native_ANDES_Kundur,OOD,SUSTAINABLE,EVALUATED,True,False,0,15005,False,False,False,results_phase_i/I6/VALIDATION_CYCLES.parquet
I6-B-016,dcsv_mpc,B_native_ANDES_Kundur,known,SUSTAINABLE,EVALUATED,True,False,0,15005,False,False,False,results_phase_i/I6/VALIDATION_CYCLES.parquet
I6-B-016,fixed_allocation_pi,B_native_ANDES_Kundur,known,SUSTAINABLE,EVALUATED,True,False,0,15005,False,False,False,results_phase_i/I6/VALIDATION_CYCLES.parquet
I6-B-017,dcsv_mpc,B_native_ANDES_Kundur,known,SUSTAINABLE,EVALUATED,True,False,0,15005,False,False,False,results_phase_i/I6/VALIDATION_CYCLES.parquet
I6-B-017,fixed_allocation_pi,B_native_ANDES_Kundur,known,SUSTAINABLE,EVALUATED,True,False,0,15005,False,False,False,results_phase_i/I6/VALIDATION_CYCLES.parquet
I6-B-018,dcsv_mpc,B_native_ANDES_Kundur,known,SUSTAINABLE,EVALUATED,True,False,0,15005,False,False,False,results_phase_i/I6/VALIDATION_CYCLES.parquet
I6-B-018,fixed_allocation_pi,B_native_ANDES_Kundur,known,SUSTAINABLE,EVALUATED,True,False,0,15005,False,False,False,results_phase_i/I6/VALIDATION_CYCLES.parquet
I6-B-019,dcsv_mpc,B_native_ANDES_Kundur,known,SUSTAINABLE,EVALUATED,True,False,0,15005,False,False,False,results_phase_i/I6/VALIDATION_CYCLES.parquet
I6-B-019,fixed_allocation_pi,B_native_ANDES_Kundur,known,SUSTAINABLE,EVALUATED,True,False,0,15005,False,False,False,results_phase_i/I6/VALIDATION_CYCLES.parquet
I6-B-020,dcsv_mpc,B_native_ANDES_Kundur,OOD,SUSTAINABLE,EVALUATED,True,False,0,15005,False,False,False,results_phase_i/I6/VALIDATION_CYCLES.parquet
I6-B-020,fixed_allocation_pi,B_native_ANDES_Kundur,OOD,SUSTAINABLE,EVALUATED,True,False,0,15005,False,False,False,results_phase_i/I6/VALIDATION_CYCLES.parquet
I6-B-021,dcsv_mpc,B_native_ANDES_Kundur,OOD,SUSTAINABLE,EVALUATED,True,False,0,15005,False,False,False,results_phase_i/I6/VALIDATION_CYCLES.parquet
I6-B-021,fixed_allocation_pi,B_native_ANDES_Kundur,OOD,SUSTAINABLE,EVALUATED,True,False,0,15005,False,False,False,results_phase_i/I6/VALIDATION_CYCLES.parquet
I6-B-022,dcsv_mpc,B_native_ANDES_Kundur,OOD,SUSTAINABLE,EVALUATED,True,False,0,15005,False,False,False,results_phase_i/I6/VALIDATION_CYCLES.parquet
I6-B-022,fixed_allocation_pi,B_native_ANDES_Kundur,OOD,SUSTAINABLE,EVALUATED,True,False,0,15005,False,False,False,results_phase_i/I6/VALIDATION_CYCLES.parquet
I6-B-023,dcsv_mpc,B_native_ANDES_Kundur,OOD,SUSTAINABLE,EVALUATED,True,False,0,15005,False,False,False,results_phase_i/I6/VALIDATION_CYCLES.parquet
I6-B-023,fixed_allocation_pi,B_native_ANDES_Kundur,OOD,SUSTAINABLE,EVALUATED,True,False,0,15005,False,False,False,results_phase_i/I6/VALIDATION_CYCLES.parquet
I6-N-00,dcsv_mpc,A_full_nonlinear,known,SUSTAINABLE,EVALUATED,True,False,0,901,False,False,False,results_phase_i/I6/VALIDATION_CYCLES.parquet
I6-N-00,fixed_allocation_pi,A_full_nonlinear,known,SUSTAINABLE,EVALUATED,True,False,0,900,False,False,False,results_phase_i/I6/VALIDATION_CYCLES.parquet
I6-N-01,dcsv_mpc,A_full_nonlinear,known,SUSTAINABLE,EVALUATED,True,False,0,900,False,False,False,results_phase_i/I6/VALIDATION_CYCLES.parquet
I6-N-01,fixed_allocation_pi,A_full_nonlinear,known,SUSTAINABLE,EVALUATED,True,False,0,900,False,False,False,results_phase_i/I6/VALIDATION_CYCLES.parquet
I6-N-02,dcsv_mpc,A_full_nonlinear,known,SUSTAINABLE,EVALUATED,False,False,0,901,False,True,False,results_phase_i/I6/VALIDATION_CYCLES.parquet
I6-N-02,fixed_allocation_pi,A_full_nonlinear,known,SUSTAINABLE,EVALUATED,False,False,0,901,False,True,False,results_phase_i/I6/VALIDATION_CYCLES.parquet
I6-N-03,dcsv_mpc,A_full_nonlinear,OOD,SUSTAINABLE,EVALUATED,True,False,0,901,False,False,False,results_phase_i/I6/VALIDATION_CYCLES.parquet
I6-N-03,fixed_allocation_pi,A_full_nonlinear,OOD,SUSTAINABLE,EVALUATED,True,False,0,901,False,False,False,results_phase_i/I6/VALIDATION_CYCLES.parquet
I6-N-04,dcsv_mpc,A_full_nonlinear,OOD,SUSTAINABLE,EVALUATED,True,False,0,900,False,False,False,results_phase_i/I6/VALIDATION_CYCLES.parquet
I6-N-04,fixed_allocation_pi,A_full_nonlinear,OOD,SUSTAINABLE,EVALUATED,True,False,0,900,False,False,False,results_phase_i/I6/VALIDATION_CYCLES.parquet
I6-N-05,dcsv_mpc,A_full_nonlinear,OOD,SUSTAINABLE,EVALUATED,True,False,0,901,False,False,False,results_phase_i/I6/VALIDATION_CYCLES.parquet
I6-N-05,fixed_allocation_pi,A_full_nonlinear,OOD,SUSTAINABLE,EVALUATED,True,False,0,901,False,False,False,results_phase_i/I6/VALIDATION_CYCLES.parquet
